<?xml version="1.0" encoding="utf-8"?>
<document>
  <Events>
    <!-- RSSLCOMMUNICATION -->
    <Event id="500000" severity="critical" enableevent="1" url="none" text="Allocate connection ID failed(ServerIP: %1, Socket: %2). The number of connection has exceeded the max connection number." description="" operatoraction="">
      <Destination target="log" enableevent="1"/>
      <Destination target="smf" enableevent="1"/>
    </Event>
    <Event id="500001" severity="warning" enableevent="1" url="none" text="System call failed(Last error: %1, Failed method: %2)." description="" operatoraction="">
      <Destination target="log" enableevent="1"/>
      <Destination target="smf" enableevent="1"/>
    </Event>
    <Event id="500002" severity="critical" enableevent="1" url="none" text="The connection is closed." description="" operatoraction="">
      <Destination target="log" enableevent="1"/>
      <Destination target="smf" enableevent="1"/>
    </Event>
    <Event id="500003" severity="warning" enableevent="1" url="none" text="The connection(ServerIP: %1, Socket: %2) has passive closed." description="" operatoraction="">
      <Destination target="log" enableevent="1"/>
      <Destination target="smf" enableevent="1"/>
    </Event>
    <Event id="500004" severity="critical" enableevent="1" url="none" text="Can't establish connection %1." description="" operatoraction="">
      <Destination target="log" enableevent="1"/>
      <Destination target="smf" enableevent="1"/>
    </Event>
    <Event id="500005" severity="critical" enableevent="1" url="none" text="Connector initializes RSSL channel timeout.(ServerIP: %1, Socket: %2)" description="" operatoraction="">
      <Destination target="log" enableevent="1"/>
      <Destination target="smf" enableevent="1"/>
    </Event>
    <Event id="500006" severity="critical" enableevent="1" url="none" text="Not enough memory %1." description="" operatoraction="">
      <Destination target="log" enableevent="1"/>
      <Destination target="smf" enableevent="1"/>
    </Event>
    <Event id="500007" severity="warning" enableevent="1" url="none" text="rsslRead received an FD change event.(oldSocketId: %1, newSocketId: %2)" description="" operatoraction="">
      <Destination target="log" enableevent="1"/>
      <Destination target="smf" enableevent="1"/>
    </Event>
    <Event id="500008" severity="critical" enableevent="1" url="none" text="Transfer data failed %1." description="" operatoraction="">
      <Destination target="log" enableevent="1"/>
      <Destination target="smf" enableevent="1"/>
    </Event>
    <Event id="500009" severity="warning" enableevent="1" url="none" text="Not enough memory for create RSSL frame.(ServerIP: %1, Socket: %2)" description="" operatoraction="">
      <Destination target="log" enableevent="1"/>
      <Destination target="smf" enableevent="1"/>
    </Event>
    <Event id="500010" severity="warning" enableevent="1" url="none" text="No destination in the RSSL frame." description="" operatoraction="">
      <Destination target="log" enableevent="1"/>
      <Destination target="smf" enableevent="1"/>
    </Event>
    <Event id="500011" severity="warning" enableevent="1" url="none" text="Zero size message can't be send.(ServerIP: %1, Socket: %2)" description="" operatoraction="">
      <Destination target="log" enableevent="1"/>
      <Destination target="smf" enableevent="1"/>
    </Event>
    <Event id="500012" severity="warning" enableevent="1" url="none" text="Not enough memory for RSSL channel.(ServerIP: %1, Socket: %2)" description="" operatoraction="">
      <Destination target="log" enableevent="1"/>
      <Destination target="smf" enableevent="1"/>
    </Event>
    <Event id="500013" severity="warning" enableevent="1" url="none" text="rsslWrite send data failed.(ServerIP: %1, Socket: %2)" description="" operatoraction="">
      <Destination target="log" enableevent="1"/>
      <Destination target="smf" enableevent="1"/>
    </Event>
    <Event id="500014" severity="warning" enableevent="1" url="none" text="Acceptor initializes server failed.(rsslErrorID: %1, sysError: %2, errorText: %3)" description="" operatoraction="">
      <Destination target="log" enableevent="1"/>
      <Destination target="smf" enableevent="1"/>
    </Event>
    <Event id="500015" severity="warning" enableevent="1" url="none" text="There is no option bind to acceptor." description="" operatoraction="">
      <Destination target="log" enableevent="1"/>
      <Destination target="smf" enableevent="1"/>
    </Event>
    <Event id="500016" severity="warning" enableevent="1" url="none" text="The server of this acceptor has been closed.(Port Number: %1)" description="" operatoraction="">
      <Destination target="log" enableevent="1"/>
      <Destination target="smf" enableevent="1"/>
    </Event>
    <Event id="500017" severity="warning" enableevent="1" url="none" text="No specific channel(%1) with the connection(ServerIP: %2, Socket: %3)" description="" operatoraction="">
      <Destination target="log" enableevent="1"/>
      <Destination target="smf" enableevent="1"/>
    </Event>
    <Event id="500018" severity="warning" enableevent="1" url="none" text="Miss stream in the dispatcher." description="" operatoraction="">
      <Destination target="log" enableevent="1"/>
      <Destination target="smf" enableevent="1"/>
    </Event>
    <Event id="500019" severity="warning" enableevent="1" url="none" text="Stream not found in reactor." description="" operatoraction="">
      <Destination target="log" enableevent="1"/>
      <Destination target="smf" enableevent="1"/>
    </Event>
    <Event id="500020" severity="information" enableevent="1" url="none" text="%1 Server IP is: %2." description="" operatoraction="">
      <Destination target="log" enableevent="1"/>
      <Destination target="smf" enableevent="1"/>
    </Event>
    <!-- DYNAMICSERVICE -->
    <Event id="500250" severity="warning" enableevent="1" url="none" text="Connections are in different service which have same service name.(Service Name: %1, Service ID: %2, Connection Service ID: %3, Connection IP: %4)" description="" operatoraction="">
      <Destination target="log" enableevent="1"/>
      <Destination target="smf" enableevent="1"/>
    </Event>
    <Event id="500251" severity="critical" enableevent="1" url="none" text="Service is not available %1." description="" operatoraction="">
      <Destination target="log" enableevent="1"/>
      <Destination target="smf" enableevent="1"/>
    </Event>
    <Event id="500252" severity="warning" enableevent="1" url="none" text="Service with name(%1) has no established connections" description="" operatoraction="">
      <Destination target="log" enableevent="1"/>
      <Destination target="smf" enableevent="1"/>
    </Event>
    <Event id="500253" severity="warning" enableevent="1" url="none" text="Create connection failed" description="" operatoraction="">
      <Destination target="log" enableevent="1"/>
      <Destination target="smf" enableevent="1"/>
    </Event>
    <Event id="500254" severity="warning" enableevent="1" url="none" text="Get stream ID for directory request failed.(Client IP: %1 Socket ID: %2)" description="" operatoraction="">
      <Destination target="log" enableevent="1"/>
      <Destination target="smf" enableevent="1"/>
    </Event>
    <Event id="500255" severity="warning" enableevent="1" url="none" text="Create directory request failed.(Client IP: %1 Socket ID: %2)" description="" operatoraction="">
      <Destination target="log" enableevent="1"/>
      <Destination target="smf" enableevent="1"/>
    </Event>
    <Event id="500256" severity="warning" enableevent="1" url="none" text="The message miss application data in it" description="" operatoraction="">
      <Destination target="log" enableevent="1"/>
      <Destination target="smf" enableevent="1"/>
    </Event>
    <Event id="500257" severity="warning" enableevent="1" url="none" text="The message miss connection in it" description="" operatoraction="">
      <Destination target="log" enableevent="1"/>
      <Destination target="smf" enableevent="1"/>
    </Event>
    <Event id="500258" severity="warning" enableevent="1" url="none" text="The message miss message header in it.(Client IP: %1 Socket ID: %2)" description="" operatoraction="">
      <Destination target="log" enableevent="1"/>
      <Destination target="smf" enableevent="1"/>
    </Event>
    <Event id="500259" severity="warning" enableevent="1" url="none" text="Decode directory response failed.(Client IP: %1 Socket ID: %2)" description="" operatoraction="">
      <Destination target="log" enableevent="1"/>
      <Destination target="smf" enableevent="1"/>
    </Event>
    <Event id="500260" severity="warning" enableevent="1" url="none" text="Service with name %1 is %2" description="" operatoraction="">
      <Destination target="log" enableevent="1"/>
      <Destination target="smf" enableevent="1"/>
    </Event>
    <Event id="500261" severity="critical" enableevent="1" url="none" text="Service is down." description="" operatoraction="">
      <Destination target="log" enableevent="1"/>
      <Destination target="smf" enableevent="1"/>
    </Event>
    <Event id="500262" severity="warning" enableevent="1" url="none" text="Login failed. %1" description="" operatoraction="">
      <Destination target="log" enableevent="1"/>
      <Destination target="smf" enableevent="1"/>
    </Event>
    <Event id="500263" severity="warning" enableevent="1" url="none" text="The authentication response miss message key in it.(Client IP: %1, Socket ID: %2)" description="" operatoraction="">
      <Destination target="log" enableevent="1"/>
      <Destination target="smf" enableevent="1"/>
    </Event>
    <Event id="500264" severity="warning" enableevent="1" url="none" text="Create authentication request for connection(Client IP: %1, Socket ID: %2) failed" description="" operatoraction="">
      <Destination target="log" enableevent="1"/>
      <Destination target="smf" enableevent="1"/>
    </Event>
    <!-- LABELDESTINATION -->
    <Event id="500500" severity="critical" enableevent="1" url="none" text="failed to find destination in label %1" description="" operatoraction="">
      <Destination target="log" enableevent="1"/>
      <Destination target="smf" enableevent="1"/>
    </Event>
    <Event id="500501" severity="critical" enableevent="1" url="none" text="Load label file failed: %1" description="" operatoraction="">
      <Destination target="log" enableevent="1"/>
      <Destination target="smf" enableevent="1"/>
    </Event>
    <Event id="500502" severity="critical" enableevent="1" url="none" text="Apply Multicast Group failed: %1" description="" operatoraction="">
      <Destination target="log" enableevent="1"/>
      <Destination target="smf" enableevent="1"/>
    </Event>
    <!-- PARTITIONCORE -->
    <Event id="500750" severity="critical" enableevent="1" url="none" text="[PartitionCore%1] failed to load initial VAA configuration: %2" description="" operatoraction="">
      <Destination target="log" enableevent="1"/>
      <Destination target="smf" enableevent="1"/>
    </Event>
    <Event id="500751" severity="critical" enableevent="1" url="none" text="[PartitionCore%1] failed to load VAA configuration: %2" description="" operatoraction="">
      <Destination target="log" enableevent="1"/>
      <Destination target="smf" enableevent="1"/>
    </Event>
    <Event id="500752" severity="critical" enableevent="1" url="none" text="[PartitionCore%1] failed to apply VAA configuration" description="" operatoraction="">
      <Destination target="log" enableevent="1"/>
      <Destination target="smf" enableevent="1"/>
    </Event>
    <Event id="500753" severity="critical" enableevent="1" url="none" text="[PartitionCore%1] failed to load VAA: (%2) with error code %3" description="" operatoraction="">
      <Destination target="log" enableevent="1"/>
      <Destination target="smf" enableevent="1"/>
    </Event>
    <Event id="500754" severity="critical" enableevent="1" url="none" text="[PartitionCore%1] failed to init VAA: (%2)" description="" operatoraction="">
      <Destination target="log" enableevent="1"/>
      <Destination target="smf" enableevent="1"/>
    </Event>
    <Event id="500755" severity="critical" enableevent="1" url="none" text="[PartitionCore%1] failed to shutdown VAA: (%2)" description="" operatoraction="">
      <Destination target="log" enableevent="1"/>
      <Destination target="smf" enableevent="1"/>
    </Event>
    <Event id="500756" severity="critical" enableevent="1" url="none" text="[PartitionCore%1] event handle is null" description="" operatoraction="">
      <Destination target="log" enableevent="1"/>
      <Destination target="smf" enableevent="1"/>
    </Event>
    <Event id="500757" severity="warning" enableevent="1" url="none" text="[PartitionCore%1] VAA event processing error with return code: %2" description="" operatoraction="">
      <Destination target="log" enableevent="1"/>
      <Destination target="smf" enableevent="1"/>
    </Event>
    <Event id="500758" severity="information" enableevent="1" url="none" text="[PartitionCore%1] is init successfully" description="" operatoraction="">
      <Destination target="log" enableevent="1"/>
      <Destination target="smf" enableevent="1"/>
    </Event>
    <Event id="500759" severity="critical" enableevent="1" url="none" text="[PartitionCore%1] is init with error" description="" operatoraction="">
      <Destination target="log" enableevent="1"/>
      <Destination target="smf" enableevent="1"/>
    </Event>
    <Event id="500760" severity="information" enableevent="1" url="none" text="[PartitionCore%1] is shutdown" description="" operatoraction="">
      <Destination target="log" enableevent="1"/>
      <Destination target="smf" enableevent="1"/>
    </Event>
    <Event id="500761" severity="critical" enableevent="1" url="none" text="[PartitionCore%1] OCI command process error: %2" description="" operatoraction="">
      <Destination target="ocilog" enableevent="1"/>
      <Destination target="smf" enableevent="1"/>
    </Event>
    <Event id="500762" severity="critical" enableevent="1" url="none" text="[PartitionCore%1] %2" description="" operatoraction="">
      <Destination target="log" enableevent="1"/>
      <Destination target="smf" enableevent="1"/>
    </Event>
    <Event id="500763" severity="information" enableevent="1" url="none" text="[Partitioncore%1] is live" description="" operatoraction="">
      <Destination target="log" enableevent="1"/>
      <Destination target="smf" enableevent="1"/>
    </Event>
    <Event id="500764" severity="information" enableevent="1" url="none" text="[Partitioncore%1] is standby" description="" operatoraction="">
      <Destination target="log" enableevent="1"/>
      <Destination target="smf" enableevent="1"/>
    </Event>
    <Event id="500765" severity="critical" enableevent="1" url="none" text="[Partitioncore%1:%2] statistics [%3] with value on [%4] exceeds the threshold [%5]" description="" operatoraction="">
      <Destination target="log" enableevent="1"/>
      <Destination target="smf" enableevent="1"/>
    </Event>
    <Event id="500766" severity="critical" enableevent="1" url="none" text="[Partitioncore%1:%2] statistics [%3] with value on [%4] exceeds the maximum [%5]" description="" operatoraction="">
      <Destination target="log" enableevent="1"/>
      <Destination target="smf" enableevent="1"/>
    </Event>
    <Event id="500767" severity="critical" enableevent="1" url="none" text="[Partitioncore%1:%2] dump file was generated" description="" operatoraction="">
      <Destination target="log" enableevent="1"/>
      <Destination target="smf" enableevent="1"/>
    </Event>
    <Event id="500768" severity="critical" enableevent="1" url="none" text="[Partitioncore%1] %2" description="" operatoraction="">
      <Destination target="log" enableevent="1"/>
      <Destination target="smf" enableevent="1"/>
    </Event>
    <Event id="500769" severity="information" enableevent="1" url="none" text="VAA (%1) on Partition%2 is %3" description="" operatoraction="">
      <Destination target="log" enableevent="1"/>
      <Destination target="smf" enableevent="1"/>
    </Event>
    <Event id="500770" severity="information" enableevent="1" url="none" text="[Partitioncore%1] %2" description="" operatoraction="">
      <Destination target="log" enableevent="1"/>
      <Destination target="smf" enableevent="1"/>
    </Event>
    <Event id="500771" severity="information" enableevent="1" url="none" text="[Partitioncore%1:%2] statistics [%3] with value on [%4] [%5] the threshold [%6]" description="" operatoraction="">
      <Destination target="log" enableevent="1"/>
      <Destination target="smf" enableevent="1"/>
    </Event>
    <Event id="500772" severity="critical" enableevent="1" url="none" text="[PartitionCore%1] failed to create instance for VAA: (%2)" description="" operatoraction="">
      <Destination target="log" enableevent="1"/>
      <Destination target="smf" enableevent="1"/>
    </Event>
    <!--ROUTER-->
    <Event id="501000" severity="warning" enableevent="1" url="none" text="Received Message is invalid. %1." description="" operatoraction="">
      <Destination target="log" enableevent="1"/>
      <Destination target="smf" enableevent="1"/>
    </Event>
    <Event id="501001" severity="warning" enableevent="1" url="none" text="Router DataBase Operation Failed. %1." description="" operatoraction="">
      <Destination target="log" enableevent="1"/>
      <Destination target="smf" enableevent="1"/>
    </Event>
    <Event id="501002" severity="warning" enableevent="1" url="none" text="No new Stream ID could be assigned for new REQUEST MsgBase." description="" operatoraction="">
      <Destination target="log" enableevent="1"/>
      <Destination target="smf" enableevent="1"/>
    </Event>
    <!-- VAEMANAGER -->
    <Event id="501250" severity="warning" enableevent="1" url="none" text="OCI command processing error: %1" description="" operatoraction="">
      <Destination target="ocilog" enableevent="1"/>
      <Destination target="smf" enableevent="1"/>
    </Event>
    <Event id="501251" severity="warning" enableevent="1" url="none" text="Invalid oci command received" description="" operatoraction="">
      <Destination target="ocilog" enableevent="1"/>
      <Destination target="smf" enableevent="1"/>
    </Event>
    <Event id="501252" severity="critical" enableevent="1" url="none" text="The VAA callback in Partition%1 is timeout, the configured max callback time is %2 seconds" description="" operatoraction="">
      <Destination target="log" enableevent="1"/>
      <Destination target="smf" enableevent="1"/>
    </Event>
    <Event id="501253" severity="warning" enableevent="1" url="none" text="Failed to load label file: %1" description="" operatoraction="">
      <Destination target="log" enableevent="1"/>
      <Destination target="smf" enableevent="1"/>
    </Event>
    <Event id="501254" severity="critical" enableevent="1" url="none" text="Dump file [%1] was generated" description="" operatoraction="">
      <Destination target="log" enableevent="1"/>
      <Destination target="smf" enableevent="1"/>
    </Event>
    <Event id="501255" severity="information" enableevent="1" url="none" text="OCI command processing request: Command:%1 TaskId:%2 TimeStamp:%3" description="" operatoraction="">
      <Destination target="ocilog" enableevent="1"/>
      <Destination target="smf" enableevent="1"/>
    </Event>
    <Event id="501256" severity="information" enableevent="1" url="none" text="OCI command processing response: TaskId:%1 TimeStamp:%2 TaskStatus:%3" description="" operatoraction="">
      <Destination target="ocilog" enableevent="1"/>
      <Destination target="smf" enableevent="1"/>
    </Event>
    <Event id="501257" severity="information" enableevent="1" url="none" text="OCI command processing timeout: TaskId:%1 TimeStamp:%2" description="" operatoraction="">
      <Destination target="ocilog" enableevent="1"/>
      <Destination target="smf" enableevent="1"/>
    </Event>
    <Event id="501258" severity="critical" enableevent="1" url="none" text="The VAA init/shutdown in Partition%1 is timeout, the configured max callback time is %2 seconds" description="" operatoraction="">
      <Destination target="log" enableevent="1"/>
      <Destination target="smf" enableevent="1"/>
    </Event>
    <Event id="501259" severity="critical" enableevent="1" url="none" text="Failed to validate label file: %1" description="" operatoraction="">
      <Destination target="log" enableevent="1"/>
      <Destination target="smf" enableevent="1"/>
    </Event>
    <Event id="501260" severity="warning" enableevent="1" url="none" text="Failed to activate label file: %1" description="" operatoraction="">
      <Destination target="log" enableevent="1"/>
      <Destination target="smf" enableevent="1"/>
    </Event>
    <Event id="501261" severity="warning" enableevent="1" url="none" text="Failed to fallback label file: %1" description="" operatoraction="">
      <Destination target="log" enableevent="1"/>
      <Destination target="smf" enableevent="1"/>
    </Event>
    <Event id="501262" severity="information" enableevent="1" url="none" text="VAH requests to go %1" description="" operatoraction="">
      <Destination target="log" enableevent="1"/>
      <Destination target="smf" enableevent="1"/>
    </Event>
    <Event id="501263" severity="information" enableevent="1" url="none" text="Only allowed to go %1 when VAH is %2, VAH state: 3%" description="" operatoraction="">
      <Destination target="log" enableevent="1"/>
      <Destination target="smf" enableevent="1"/>
    </Event>
    <Event id="501264" severity="information" enableevent="1" url="none" text="OCI command request received: %1" description="" operatoraction="">
      <Destination target="ocilog" enableevent="1"/>
      <Destination target="smf" enableevent="1"/>
    </Event>
    <Event id="501265" severity="information" enableevent="1" url="none" text="OCI command response received" description="" operatoraction="">
      <Destination target="ocilog" enableevent="1"/>
      <Destination target="smf" enableevent="1"/>
    </Event>
    <Event id="501266" severity="warning" enableevent="1" url="none" text="System error: %1, no dump file will be generated" description="" operatoraction="">
      <Destination target="log" enableevent="1"/>
      <Destination target="smf" enableevent="1"/>
    </Event>
    <!-- DATASERVICE -->
    <Event id="501500" severity="warning" enableevent="1" url="none" text="input service %1 is not ready" description="" operatoraction="">
      <Destination target="log" enableevent="1"/>
      <Destination target="smf" enableevent="1"/>
    </Event>
    <Event id="501501" severity="warning" enableevent="1" url="none" text="failed to encode trwf2 message with error code %1" description="" operatoraction="">
      <Destination target="log" enableevent="1"/>
      <Destination target="smf" enableevent="1"/>
    </Event>
    <Event id="501502" severity="warning" enableevent="1" url="none" text="failed to create input item %1 with error code %2" description="" operatoraction="">
      <Destination target="log" enableevent="1"/>
      <Destination target="smf" enableevent="1"/>
    </Event>
    <Event id="501503" severity="warning" enableevent="1" url="none" text="failed to create output item %1 with error code %2" description="" operatoraction="">
      <Destination target="log" enableevent="1"/>
      <Destination target="smf" enableevent="1"/>
    </Event>
    <Event id="501504" severity="warning" enableevent="1" url="none" text="failed to create internal item %1 with error code %2" description="" operatoraction="">
      <Destination target="log" enableevent="1"/>
      <Destination target="smf" enableevent="1"/>
    </Event>
    <Event id="501505" severity="warning" enableevent="1" url="none" text="input item %1 staled" description="" operatoraction="">
      <Destination target="log" enableevent="1"/>
      <Destination target="smf" enableevent="1"/>
    </Event>
    <Event id="501506" severity="information" enableevent="1" url="none" text="input item %1 recovered" description="" operatoraction="">
      <Destination target="log" enableevent="1"/>
      <Destination target="smf" enableevent="1"/>
    </Event>
    <Event id="501507" severity="information" enableevent="1" url="none" text="output item %1 dropped" description="" operatoraction="">
      <Destination target="log" enableevent="1"/>
      <Destination target="smf" enableevent="1"/>
    </Event>
    <Event id="501508" severity="information" enableevent="1" url="none" text="vad item %1 ageout" description="" operatoraction="">
      <Destination target="log" enableevent="1"/>
      <Destination target="smf" enableevent="1"/>
    </Event>
    <Event id="501509" severity="warning" enableevent="1" url="none" text="output throttle queue %1's maxsize reached, start to drop message." description="" operatoraction="">
      <Destination target="log" enableevent="1"/>
      <Destination target="smf" enableevent="1"/>
    </Event>
    <Event id="501510" severity="information" enableevent="1" url="none" text="output throttle queue %1's size back to normal." description="" operatoraction="">
      <Destination target="log" enableevent="1"/>
      <Destination target="smf" enableevent="1"/>
    </Event>
    <Event id="501511" severity="information" enableevent="1" url="none" text="cacheprocessor is going to live" description="" operatoraction="">
      <Destination target="log" enableevent="1"/>
      <Destination target="smf" enableevent="1"/>
    </Event>
    <Event id="501512" severity="warning" enableevent="1" url="none" text="cacheprocessor is going to standby" description="" operatoraction="">
      <Destination target="log" enableevent="1"/>
      <Destination target="smf" enableevent="1"/>
    </Event>
    <Event id="501513" severity="information" enableevent="1" url="none" text="cacheprocessor starts to synchronize item %1 from partner" description="" operatoraction="">
      <Destination target="log" enableevent="1"/>
      <Destination target="smf" enableevent="1"/>
    </Event>
    <Event id="501514" severity="information" enableevent="1" url="none" text="cacheprocessor finished synchronizing from partner. synchronized item count : %1" description="" operatoraction="">
      <Destination target="log" enableevent="1"/>
      <Destination target="smf" enableevent="1"/>
    </Event>
    <Event id="501515" severity="warning" enableevent="1" url="none" text="cacheprocessor failed to synchronize from partner. err : %1" description="" operatoraction="">
      <Destination target="log" enableevent="1"/>
      <Destination target="smf" enableevent="1"/>
    </Event>
    <Event id="501516" severity="information" enableevent="1" url="none" text="cacheprocessor starts to serve partner's synchrozing request for item %1" description="" operatoraction="">
      <Destination target="log" enableevent="1"/>
      <Destination target="smf" enableevent="1"/>
    </Event>
    <Event id="501517" severity="information" enableevent="1" url="none" text="cacheprocessor finished serving partner's synchrozing request. synchronized item count : %1" description="" operatoraction="">
      <Destination target="log" enableevent="1"/>
      <Destination target="smf" enableevent="1"/>
    </Event>
    <Event id="501518" severity="warning" enableevent="1" url="none" text="cacheprocessor failed to serve partner's synchrozing request. %1" description="" operatoraction="">
      <Destination target="log" enableevent="1"/>
      <Destination target="smf" enableevent="1"/>
    </Event>
    <Event id="501519" severity="warning" enableevent="1" url="none" text="cacheprocessor synchronizing timeout" description="" operatoraction="">
      <Destination target="log" enableevent="1"/>
      <Destination target="smf" enableevent="1"/>
    </Event>
    <Event id="501520" severity="warning" enableevent="1" url="none" text="No IPL NIC is avaliable." description="" operatoraction="">
      <Destination target="log" enableevent="1"/>
      <Destination target="smf" enableevent="1"/>
    </Event>
    <Event id="501521" severity="information" enableevent="1" url="none" text="cacheprocessor enter hybrid mode %1." description="" operatoraction="">
      <Destination target="log" enableevent="1"/>
      <Destination target="smf" enableevent="1"/>
    </Event>
    <Event id="501522" severity="warning" enableevent="1" url="none" text="dataservice received msg with abnormal itemstate : ItemName[%1] ServiceID[%2] streamState[%3] dataState[%4] stateCode[%5] stateText[%6]" description="" operatoraction="">
      <Destination target="log" enableevent="1"/>
      <Destination target="smf" enableevent="1"/>
    </Event>
    <Event id="501523" severity="warning" enableevent="1" url="none" text="Invalid output throttle configuration : %1; error : %2" description="" operatoraction="">
      <Destination target="log" enableevent="1"/>
      <Destination target="smf" enableevent="1"/>
    </Event>
    <Event id="501524" severity="warning" enableevent="1" url="none" text="Invalid TRWF2 dictionary : %1; error : %2" description="" operatoraction="">
      <Destination target="log" enableevent="1"/>
      <Destination target="smf" enableevent="1"/>
    </Event>
    <Event id="501525" severity="information" enableevent="1" url="none" text="TRWF2 dictionary %1 loaded" description="" operatoraction="">
      <Destination target="log" enableevent="1"/>
      <Destination target="smf" enableevent="1"/>
    </Event>
    <Event id="501526" severity="information" enableevent="1" url="none" text="partition %1's hybrid factor changed from %2 to %3" description="" operatoraction="">
      <Destination target="log" enableevent="1"/>
      <Destination target="smf" enableevent="1"/>
    </Event>
    <Event id="501527" severity="information" enableevent="1" url="none" text="peer partition %1's hybrid factor changed from %2 to %3" description="" operatoraction="">
      <Destination target="log" enableevent="1"/>
      <Destination target="smf" enableevent="1"/>
    </Event>
    <Event id="501528" severity="information" enableevent="1" url="none" text="%1 partition %2 hybrid factor request : %3" description="" operatoraction="">
      <Destination target="log" enableevent="1"/>
      <Destination target="smf" enableevent="1"/>
    </Event>
    <Event id="501529" severity="information" enableevent="1" url="none" text="%1 peer partition %2 hybrid factor response : %3" description="" operatoraction="">
      <Destination target="log" enableevent="1"/>
      <Destination target="smf" enableevent="1"/>
    </Event>
    <Event id="501530" severity="information" enableevent="1" url="none" text="cacheprocessor abort synchronizing due to %1. previous status : %2" description="" operatoraction="">
      <Destination target="log" enableevent="1"/>
      <Destination target="smf" enableevent="1"/>
    </Event>
    <Event id="501531" severity="information" enableevent="1" url="none" text="throttle file %1 loaded" description="" operatoraction="">
      <Destination target="log" enableevent="1"/>
      <Destination target="smf" enableevent="1"/>
    </Event>
    <Event id="501532" severity="warning" enableevent="1" url="none" text="Invalid IPL frame. Detail: %1" description="" operatoraction="">
      <Destination target="log" enableevent="1"/>
      <Destination target="smf" enableevent="1"/>
    </Event>
    <Event id="501533" severity="warning" enableevent="1" url="none" text="Fail to output item %1. Detail: %2" description="" operatoraction="">
      <Destination target="log" enableevent="1"/>
      <Destination target="smf" enableevent="1"/>
    </Event>
    <Event id="501534" severity="information" enableevent="1" url="none" text="Receive OCI command with type %1, commandstr: %2" description="" operatoraction="">
      <Destination target="ocilog" enableevent="1"/>
      <Destination target="smf" enableevent="1"/>
    </Event>
    <Event id="501535" severity="critical" enableevent="1" url="none" text="Fail to create schema for ociinternalitem with schemaid %1, error: %2" description="" operatoraction="">
      <Destination target="ocilog" enableevent="1"/>
      <Destination target="smf" enableevent="1"/>
    </Event>
    <Event id="501536" severity="critical" enableevent="1" url="none" text="Fail to create ociinternalitem, item name: %1" description="" operatoraction="">
      <Destination target="ocilog" enableevent="1"/>
      <Destination target="smf" enableevent="1"/>
    </Event>
    <Event id="501537" severity="warning" enableevent="1" url="none" text="Extend the throttle group %1 queue length from %2 to %3, conflate threshold: %4" description="" operatoraction="">
      <Destination target="log" enableevent="1"/>
      <Destination target="smf" enableevent="1"/>
    </Event>
    <Event id="501538" severity="critical" enableevent="1" url="none" text="Throttle group %1 queue length reach the threshold %2, conflate threshold: %3" description="" operatoraction="">
      <Destination target="log" enableevent="1"/>
      <Destination target="smf" enableevent="1"/>
    </Event>
    <Event id="501539" severity="warning" enableevent="1" url="none" text="Throttle group %1 enter risk mode, conflate thresold: %2" description="" operatoraction="">
      <Destination target="log" enableevent="1"/>
      <Destination target="smf" enableevent="1"/>
    </Event>
    <Event id="501540" severity="warning" enableevent="1" url="none" text="Throttle group %1 leave risk mode, conflate thresold: %2" description="" operatoraction="">
      <Destination target="log" enableevent="1"/>
      <Destination target="smf" enableevent="1"/>
    </Event>
    <!-- DICTIONARYSERVICE -->
    <Event id="501750" severity="information" enableevent="1" url="none" text="Info : %1" description="" operatoraction="">
      <Destination target="log" enableevent="1"/>
      <Destination target="smf" enableevent="1"/>
    </Event>
    <Event id="501751" severity="warning" enableevent="1" url="none" text="Warn : %1" description="" operatoraction="">
      <Destination target="log" enableevent="1"/>
      <Destination target="smf" enableevent="1"/>
    </Event>
    <Event id="501752" severity="error" enableevent="1" url="none" text="Error: %1" description="" operatoraction="">
      <Destination target="log" enableevent="1"/>
      <Destination target="smf" enableevent="1"/>
    </Event>
    <Event id="501753" severity="critical" enableevent="1" url="none" text="Fail to get public dictionary: %1" description="" operatoraction="">
      <Destination target="log" enableevent="1"/>
      <Destination target="smf" enableevent="1"/>
    </Event>
    <Event id="501754" severity="critical" enableevent="1" url="none" text="Fail to parse public dictionary: %1" description="" operatoraction="">
      <Destination target="log" enableevent="1"/>
      <Destination target="smf" enableevent="1"/>
    </Event>
    <Event id="501755" severity="critical" enableevent="1" url="none" text="Fail to parse private dictionary: %1" description="" operatoraction="">
      <Destination target="log" enableevent="1"/>
      <Destination target="smf" enableevent="1"/>
    </Event>
    <Event id="501756" severity="critical" enableevent="1" url="none" text="Private dictionary def conflicts with public: %1" description="" operatoraction="">
      <Destination target="log" enableevent="1"/>
      <Destination target="smf" enableevent="1"/>
    </Event>
    <!-- SCHEMASERVICE -->
    <Event id="502000" severity="information" enableevent="1" url="none" text="Info : %1" description="" operatoraction="">
      <Destination target="log" enableevent="1"/>
      <Destination target="smf" enableevent="1"/>
    </Event>
    <Event id="502001" severity="warning" enableevent="1" url="none" text="Warn : %1" description="" operatoraction="">
      <Destination target="log" enableevent="1"/>
      <Destination target="smf" enableevent="1"/>
    </Event>
    <Event id="502002" severity="error" enableevent="1" url="none" text="Error: %1" description="" operatoraction="">
      <Destination target="log" enableevent="1"/>
      <Destination target="smf" enableevent="1"/>
    </Event>
    <Event id="502003" severity="critical" enableevent="1" url="none" text="Fail to parse schema file: %1" description="" operatoraction="">
      <Destination target="log" enableevent="1"/>
      <Destination target="smf" enableevent="1"/>
    </Event>
    <!-- TIMERSERVICE -->
    <Event id="502250" severity="information" enableevent="1" url="none" text="Info : %1" description="" operatoraction="">
      <Destination target="log" enableevent="1"/>
      <Destination target="smf" enableevent="1"/>
    </Event>
    <Event id="502251" severity="warning" enableevent="1" url="none" text="Warn : %1" description="" operatoraction="">
      <Destination target="log" enableevent="1"/>
      <Destination target="smf" enableevent="1"/>
    </Event>
    <Event id="502252" severity="error" enableevent="1" url="none" text="Error: %1" description="" operatoraction="">
      <Destination target="log" enableevent="1"/>
      <Destination target="smf" enableevent="1"/>
    </Event>
    <!-- CONFIGURATIONSERVICE -->
    <Event id="502500" severity="information" enableevent="1" url="none" text="Info : %1" description="" operatoraction="">
      <Destination target="log" enableevent="1"/>
      <Destination target="smf" enableevent="1"/>
    </Event>
    <Event id="502501" severity="warning" enableevent="1" url="none" text="Warn : %1" description="" operatoraction="">
      <Destination target="log" enableevent="1"/>
      <Destination target="smf" enableevent="1"/>
    </Event>
    <Event id="502502" severity="error" enableevent="1" url="none" text="Error: %1" description="" operatoraction="">
      <Destination target="log" enableevent="1"/>
      <Destination target="smf" enableevent="1"/>
    </Event>
    <Event id="502503" severity="critical" enableevent="1" url="none" text="Fail to parse config file: %1" description="" operatoraction="">
      <Destination target="log" enableevent="1"/>
      <Destination target="smf" enableevent="1"/>
    </Event>
    <Event id="502504" severity="critical" enableevent="1" url="none" text="Fail to operate file or folder: %1" description="" operatoraction="">
      <Destination target="log" enableevent="1"/>
      <Destination target="smf" enableevent="1"/>
    </Event>
    <Event id="502505" severity="critical" enableevent="1" url="none" text="Fail to access VAD data: %1" description="" operatoraction="">
      <Destination target="log" enableevent="1"/>
      <Destination target="smf" enableevent="1"/>
    </Event>
    <Event id="502506" severity="critical" enableevent="1" url="none" text="Invalid mandatory input: %1" description="" operatoraction="">
      <Destination target="log" enableevent="1"/>
      <Destination target="smf" enableevent="1"/>
    </Event>
    <Event id="502507" severity="critical" enableevent="1" url="none" text="Invlaid update config message format: %1" description="" operatoraction="">
      <Destination target="log" enableevent="1"/>
      <Destination target="smf" enableevent="1"/>
    </Event>
    <Event id="502508" severity="critical" enableevent="1" url="none" text="Fail to parse config message: %1" description="" operatoraction="">
      <Destination target="log" enableevent="1"/>
      <Destination target="smf" enableevent="1"/>
    </Event>
    <Event id="502509" severity="critical" enableevent="1" url="none" text="Fail to update config due to unknown exception: %1" description="" operatoraction="">
      <Destination target="log" enableevent="1"/>
      <Destination target="smf" enableevent="1"/>
    </Event>
    <!-- logGERSERVICE -->
    <Event id="502750" severity="information" enableevent="1" url="none" text="Info : %1" description="" operatoraction="">
      <Destination target="log" enableevent="1"/>
      <Destination target="smf" enableevent="1"/>
    </Event>
    <Event id="502751" severity="warning" enableevent="1" url="none" text="Warn : %1" description="" operatoraction="">
      <Destination target="log" enableevent="1"/>
      <Destination target="smf" enableevent="1"/>
    </Event>
    <Event id="502752" severity="error" enableevent="1" url="none" text="Error: %1" description="" operatoraction="">
      <Destination target="log" enableevent="1"/>
      <Destination target="smf" enableevent="1"/>
    </Event>
    <Event id="502753" severity="information" enableevent="1" url="none" text="Trace: %1" description="" operatoraction="">
      <Destination target="log" enableevent="1"/>
      <Destination target="smf" enableevent="1"/>
    </Event>
    <Event id="502754" severity="information" enableevent="1" url="none" text="Info : %1" description="" operatoraction="">
      <Destination target="log" enableevent="1"/>
      <Destination target="smf" enableevent="1"/>
    </Event>
    <Event id="502755" severity="warning" enableevent="1" url="none" text="Warn : %1" description="" operatoraction="">
      <Destination target="log" enableevent="1"/>
      <Destination target="smf" enableevent="1"/>
    </Event>
    <Event id="502756" severity="error" enableevent="1" url="none" text="Error: %1" description="" operatoraction="">
      <Destination target="log" enableevent="1"/>
      <Destination target="smf" enableevent="1"/>
    </Event>
    <Event id="502757" severity="critical" enableevent="1" url="none" text="Fatal: %1" description="" operatoraction="">
      <Destination target="log" enableevent="1"/>
      <Destination target="smf" enableevent="1"/>
    </Event>
    <!-- CACHEPROCESSOR -->
    <Event id="503000" severity="warning" enableevent="1" url="none" text="Unknown message type received" description="" operatoraction="">
      <Destination target="log" enableevent="1"/>
      <Destination target="smf" enableevent="1"/>
    </Event>
    <Event id="503001" severity="warning" enableevent="1" url="none" text="Cache Instance failed to uninitialise: %1." description="" operatoraction="">
      <Destination target="log" enableevent="1"/>
      <Destination target="smf" enableevent="1"/>
    </Event>
    <Event id="503002" severity="information" enableevent="1" url="none" text="Cache Instance has been deleted" description="" operatoraction="">
      <Destination target="log" enableevent="1"/>
      <Destination target="smf" enableevent="1"/>
    </Event>
    <Event id="503003" severity="critical" enableevent="1" url="none" text="Cache Instance failed to be created: %1." description="" operatoraction="">
      <Destination target="log" enableevent="1"/>
      <Destination target="smf" enableevent="1"/>
    </Event>
    <Event id="503004" severity="information" enableevent="1" url="none" text="Cache Instance has been created" description="" operatoraction="">
      <Destination target="log" enableevent="1"/>
      <Destination target="smf" enableevent="1"/>
    </Event>
    <Event id="503005" severity="warning" enableevent="1" url="none" text="Persistence File Failed to be renamed from %1 to %2." description="" operatoraction="">
      <Destination target="log" enableevent="1"/>
      <Destination target="smf" enableevent="1"/>
    </Event>
    <Event id="503006" severity="information" enableevent="1" url="none" text="Persistence File has been to be renamed from %1 to %2." description="" operatoraction="">
      <Destination target="log" enableevent="1"/>
      <Destination target="smf" enableevent="1"/>
    </Event>
    <Event id="503007" severity="warning" enableevent="1" url="none" text="Persistence File %1 deleted." description="" operatoraction="">
      <Destination target="log" enableevent="1"/>
      <Destination target="smf" enableevent="1"/>
    </Event>
    <Event id="503008" severity="critical" enableevent="1" url="none" text="TRWF2.dat file not found: %1" description="" operatoraction="">
      <Destination target="log" enableevent="1"/>
      <Destination target="smf" enableevent="1"/>
    </Event>
    <Event id="503009" severity="information" enableevent="1" url="none" text="Cache Recovery: Persistence File Load Started" description="" operatoraction="">
      <Destination target="log" enableevent="1"/>
      <Destination target="smf" enableevent="1"/>
    </Event>
    <Event id="503010" severity="information" enableevent="1" url="none" text="Cache Recovery: Persistence File Load Complete" description="" operatoraction="">
      <Destination target="log" enableevent="1"/>
      <Destination target="smf" enableevent="1"/>
    </Event>
    <Event id="503011" severity="warning" enableevent="1" url="none" text="Cache Recovery: Persistence File Load Failed" description="" operatoraction="">
      <Destination target="log" enableevent="1"/>
      <Destination target="smf" enableevent="1"/>
    </Event>
    <Event id="503012" severity="warning" enableevent="1" url="none" text="%1: OK - Duplicate. MsgKey: %2. Constit: %3. Error Text %4" description="" operatoraction="">
      <Destination target="log" enableevent="1"/>
      <Destination target="smf" enableevent="1"/>
    </Event>
    <Event id="503013" severity="warning" enableevent="1" url="none" text="%1: OK - Qualified. MsgKey: %2. Constit: %3. Error Text %4" description="" operatoraction="">
      <Destination target="log" enableevent="1"/>
      <Destination target="smf" enableevent="1"/>
    </Event>
    <Event id="503014" severity="warning" enableevent="1" url="none" text="%1: OK - Sequence Gap Ended. MsgKey: %2. Constit: %3. Error Text %4" description="" operatoraction="">
      <Destination target="log" enableevent="1"/>
      <Destination target="smf" enableevent="1"/>
    </Event>
    <Event id="503015" severity="warning" enableevent="1" url="none" text="%1: OK - Sequence Gap Started. MsgKey: %2. Constit: %3. Error Text %4" description="" operatoraction="">
      <Destination target="log" enableevent="1"/>
      <Destination target="smf" enableevent="1"/>
    </Event>
    <Event id="503016" severity="warning" enableevent="1" url="none" text="%1: OK - Continuing Sequence Gap. MsgKey: %2. Constit: %3. Error Text %4" description="" operatoraction="">
      <Destination target="log" enableevent="1"/>
      <Destination target="smf" enableevent="1"/>
    </Event>
    <Event id="503017" severity="warning" enableevent="1" url="none" text="%1: OK - Ignore Replay. MsgKey: %2. Constit: %3. Error Text %4" description="" operatoraction="">
      <Destination target="log" enableevent="1"/>
      <Destination target="smf" enableevent="1"/>
    </Event>
    <Event id="503018" severity="warning" enableevent="1" url="none" text="%1: OK - Message Applied, but in incomplete state. MsgKey: %2. Constit: %3. Error Text %4" description="" operatoraction="">
      <Destination target="log" enableevent="1"/>
      <Destination target="smf" enableevent="1"/>
    </Event>
    <Event id="503019" severity="warning" enableevent="1" url="none" text="%1: OK - No such item. MsgKey: %2. Constit: %3. Error Text %4" description="" operatoraction="">
      <Destination target="log" enableevent="1"/>
      <Destination target="smf" enableevent="1"/>
    </Event>
    <Event id="503020" severity="warning" enableevent="1" url="none" text="%1: OK - No such constituent. MsgKey: %2. Constit: %3. Error Text %4" description="" operatoraction="">
      <Destination target="log" enableevent="1"/>
      <Destination target="smf" enableevent="1"/>
    </Event>
    <Event id="503021" severity="warning" enableevent="1" url="none" text="%1: Fail. MsgKey: %2. Constit: %3. Error Text %4" description="" operatoraction="">
      <Destination target="log" enableevent="1"/>
      <Destination target="smf" enableevent="1"/>
    </Event>
    <Event id="503022" severity="warning" enableevent="1" url="none" text="%1: Fail - Cache Full. MsgKey: %2. Constit: %3. Error Text %4" description="" operatoraction="">
      <Destination target="log" enableevent="1"/>
      <Destination target="smf" enableevent="1"/>
    </Event>
    <Event id="503023" severity="warning" enableevent="1" url="none" text="%1: Fail - Duplicate. MsgKey: %2. Constit: %3. Error Text %4" description="" operatoraction="">
      <Destination target="log" enableevent="1"/>
      <Destination target="smf" enableevent="1"/>
    </Event>
    <Event id="503024" severity="warning" enableevent="1" url="none" text="%1: Fail - Consituent Incomplete - can not process. MsgKey: %2. Constit: %3. Error Text %4" description="" operatoraction="">
      <Destination target="log" enableevent="1"/>
      <Destination target="smf" enableevent="1"/>
    </Event>
    <Event id="503025" severity="warning" enableevent="1" url="none" text="%1: Fail - No such item. MsgKey: %2. Constit: %3. Error Text %4" description="" operatoraction="">
      <Destination target="log" enableevent="1"/>
      <Destination target="smf" enableevent="1"/>
    </Event>
    <Event id="503026" severity="warning" enableevent="1" url="none" text="%1: Fail - No such constituent. MsgKey: %2. Constit: %3. Error Text %4" description="" operatoraction="">
      <Destination target="log" enableevent="1"/>
      <Destination target="smf" enableevent="1"/>
    </Event>
    <Event id="503027" severity="warning" enableevent="1" url="none" text="%1: Fail - Unknown Event Type %2. MsgKey: %3. Constit: %4.  Error Text %5" description="" operatoraction="">
      <Destination target="log" enableevent="1"/>
      <Destination target="smf" enableevent="1"/>
    </Event>
    <Event id="503028" severity="warning" enableevent="1" url="none" text="%1: Ok - Message applied, part sequence error continuing, last part accepted. MsgKey: %2. Constit: %3. Error Text %4" description="" operatoraction="">
      <Destination target="log" enableevent="1"/>
      <Destination target="smf" enableevent="1"/>
    </Event>
    <Event id="503029" severity="warning" enableevent="1" url="none" text="%1: Ok - Message skipped as a duplicate part, more parts needed. MsgKey: %2. Constit: %3. Error Text %4" description="" operatoraction="">
      <Destination target="log" enableevent="1"/>
      <Destination target="smf" enableevent="1"/>
    </Event>
    <Event id="503030" severity="warning" enableevent="1" url="none" text="%1: Ok - Message applied, part sequence error detected on this message, more parts needed. MsgKey: %2. Constit: %3. Error Text %4" description="" operatoraction="">
      <Destination target="log" enableevent="1"/>
      <Destination target="smf" enableevent="1"/>
    </Event>
    <Event id="503031" severity="warning" enableevent="1" url="none" text="%1: Ok - Message applied, part sequence error continuing, more parts needed. MsgKey: %2. Constit: %3. Error Text %4" description="" operatoraction="">
      <Destination target="log" enableevent="1"/>
      <Destination target="smf" enableevent="1"/>
    </Event>
    <Event id="503032" severity="warning" enableevent="1" url="none" text="%1: Fail - First part missing, continuing container mismatch detected by payload, more parts expected. MsgKey: %2. Constit: %3. Error Text %4" description="" operatoraction="">
      <Destination target="log" enableevent="1"/>
      <Destination target="smf" enableevent="1"/>
    </Event>
    <Event id="503033" severity="warning" enableevent="1" url="none" text="%1: Fail - First part missing, first container mismatch detected by payload, more parts expected. MsgKey: %2. Constit: %3. Error Text %4" description="" operatoraction="">
      <Destination target="log" enableevent="1"/>
      <Destination target="smf" enableevent="1"/>
    </Event>
    <Event id="503034" severity="warning" enableevent="1" url="none" text="%1: Fail - First part missing, container mismatch, more parts are NOT expected. MsgKey: %2. Constit: %3. Error Text %4" description="" operatoraction="">
      <Destination target="log" enableevent="1"/>
      <Destination target="smf" enableevent="1"/>
    </Event>
    <Event id="503035" severity="warning" enableevent="1" url="none" text="%1: Fail - Incomplete multipart message received with no part number. More parts are NOT expected. MsgKey: %2. Constit: %3. Error Text %4" description="" operatoraction="">
      <Destination target="log" enableevent="1"/>
      <Destination target="smf" enableevent="1"/>
    </Event>
    <Event id="503036" severity="warning" enableevent="1" url="none" text="%1: Fail - Null Message" description="" operatoraction="">
      <Destination target="log" enableevent="1"/>
      <Destination target="smf" enableevent="1"/>
    </Event>
    <Event id="503037" severity="warning" enableevent="1" url="none" text="%1: Fail - Missing Msg Key" description="" operatoraction="">
      <Destination target="log" enableevent="1"/>
      <Destination target="smf" enableevent="1"/>
    </Event>
    <Event id="503038" severity="warning" enableevent="1" url="none" text="%1: Fail - Missing Mask" description="" operatoraction="">
      <Destination target="log" enableevent="1"/>
      <Destination target="smf" enableevent="1"/>
    </Event>
    <Event id="503039" severity="warning" enableevent="1" url="none" text="%1: Fail - Incorrect Name Encoding. MsgKey: %2" description="" operatoraction="">
      <Destination target="log" enableevent="1"/>
      <Destination target="smf" enableevent="1"/>
    </Event>
    <Event id="503040" severity="warning" enableevent="1" url="none" text="%1: Fail - Invalid QOS Value. MsgKey: %2" description="" operatoraction="">
      <Destination target="log" enableevent="1"/>
      <Destination target="smf" enableevent="1"/>
    </Event>
    <Event id="503041" severity="warning" enableevent="1" url="none" text="%1: Fail - Missing Constit Number. MsgKey: %2" description="" operatoraction="">
      <Destination target="log" enableevent="1"/>
      <Destination target="smf" enableevent="1"/>
    </Event>
    <Event id="503042" severity="warning" enableevent="1" url="none" text="%1: Fail - Stream ID is not present. MsgKey: %2" description="" operatoraction="">
      <Destination target="log" enableevent="1"/>
      <Destination target="smf" enableevent="1"/>
    </Event>
    <Event id="503043" severity="warning" enableevent="1" url="none" text="%1: Fail - Out of range Constit Number. MsgKey: %2" description="" operatoraction="">
      <Destination target="log" enableevent="1"/>
      <Destination target="smf" enableevent="1"/>
    </Event>
    <Event id="503044" severity="warning" enableevent="1" url="none" text="%1: Fail - Invalid Recovery Msg - has multiple constits. MsgKey: %2" description="" operatoraction="">
      <Destination target="log" enableevent="1"/>
      <Destination target="smf" enableevent="1"/>
    </Event>
    <Event id="503045" severity="warning" enableevent="1" url="none" text="%1: Ok Qualified - Msg received with TRWF_MSG_DST_UNSPECIFIED in DataState. Integrity set to false. MsgKey: %2" description="" operatoraction="">
      <Destination target="log" enableevent="1"/>
      <Destination target="smf" enableevent="1"/>
    </Event>
    <Event id="503046" severity="warning" enableevent="1" url="none" text="%1: Fail - Invalid Request Msg - has CONSTIT_FILTER but Constitbitmap of 0. MsgKey: %2" description="" operatoraction="">
      <Destination target="log" enableevent="1"/>
      <Destination target="smf" enableevent="1"/>
    </Event>
    <Event id="503047" severity="warning" enableevent="1" url="none" text="%1: Fail - Invalid Msg - has no sequence number filter. MsgKey: %2" description="" operatoraction="">
      <Destination target="log" enableevent="1"/>
      <Destination target="smf" enableevent="1"/>
    </Event>
    <!-- CHAINSERVICE -->
    <Event id="503250" severity="information" enableevent="1" url="none" text="Info : %1" description="" operatoraction="">
      <Destination target="log" enableevent="1"/>
      <Destination target="smf" enableevent="1"/>
    </Event>
    <Event id="503251" severity="warning" enableevent="1" url="none" text="Warn : %1" description="" operatoraction="">
      <Destination target="log" enableevent="1"/>
      <Destination target="smf" enableevent="1"/>
    </Event>
    <Event id="503252" severity="error" enableevent="1" url="none" text="Error: %1" description="" operatoraction="">
      <Destination target="log" enableevent="1"/>
      <Destination target="smf" enableevent="1"/>
    </Event>
    <!-- STATISTICSSERVICE -->
    <Event id="503500" severity="critical" enableevent="1" url="none" text="Stats are full" description="" operatoraction="">
      <Destination target="log" enableevent="1"/>
      <Destination target="smf" enableevent="1"/>
    </Event>
    <Event id="503501" severity="critical" enableevent="1" url="none" text="Invalid input def_idx/entry_id/handle: %1" description="" operatoraction="">
      <Destination target="log" enableevent="1"/>
      <Destination target="smf" enableevent="1"/>
    </Event>
    <!-- SCWMANAGER -->
    <Event id="503750" severity="information" enableevent="1" url="none" text="Connected to SCW" description="" operatoraction="">
      <Destination target="log" enableevent="1"/>
      <Destination target="smf" enableevent="1"/>
    </Event>
    <Event id="503751" severity="critical" enableevent="1" url="none" text="VAH is live" description="" operatoraction="">
      <Destination target="log" enableevent="1"/>
      <Destination target="smf" enableevent="1"/>
    </Event>
    <Event id="503752" severity="critical" enableevent="1" url="none" text="VAH is standby" description="" operatoraction="">
      <Destination target="log" enableevent="1"/>
      <Destination target="smf" enableevent="1"/>
    </Event>
    <Event id="503753" severity="information" enableevent="1" url="none" text="Network card with id (%1) is connected" description="" operatoraction="">
      <Destination target="log" enableevent="1"/>
      <Destination target="smf" enableevent="1"/>
    </Event>
    <Event id="503754" severity="information" enableevent="1" url="none" text="Network card with id (%1) is disconnected" description="" operatoraction="">
      <Destination target="log" enableevent="1"/>
      <Destination target="smf" enableevent="1"/>
    </Event>
    <Event id="503755" severity="information" enableevent="1" url="none" text="SetQoS to SCW successfully: id = %1 value = %2" description="" operatoraction="">
      <Destination target="log" enableevent="1"/>
      <Destination target="smf" enableevent="1"/>
    </Event>
    <Event id="503756" severity="warning" enableevent="1" url="none" text="SetQoS to SCW failed: id = %1 value = %2" description="" operatoraction="">
      <Destination target="log" enableevent="1"/>
      <Destination target="smf" enableevent="1"/>
    </Event>
    <Event id="503757" severity="information" enableevent="1" url="none" text="Add QoS to SCW batch successfully: id = %1 value = %2" description="" operatoraction="">
      <Destination target="log" enableevent="1"/>
      <Destination target="smf" enableevent="1"/>
    </Event>
    <Event id="503758" severity="warning" enableevent="1" url="none" text="Add QoS to SCW batch failed: id = %1 value = %2" description="" operatoraction="">
      <Destination target="log" enableevent="1"/>
      <Destination target="smf" enableevent="1"/>
    </Event>
    <!-- CALENDARSERVICE -->
    <Event id="504000" severity="information" enableevent="1" url="none" text="Info : %1" description="" operatoraction="">
      <Destination target="log" enableevent="1"/>
      <Destination target="smf" enableevent="1"/>
    </Event>
    <Event id="504001" severity="warning" enableevent="1" url="none" text="Warn : %1" description="" operatoraction="">
      <Destination target="log" enableevent="1"/>
      <Destination target="smf" enableevent="1"/>
    </Event>
    <Event id="504002" severity="error" enableevent="1" url="none" text="Error: %1" description="" operatoraction="">
      <Destination target="log" enableevent="1"/>
      <Destination target="smf" enableevent="1"/>
    </Event>
  </Events>
</document>