﻿<?xml version="1.0" encoding="utf-8"?>
<!-- It supports AppStatFormat04 output file format for PAWZ capacity monitoring -->
<ServerConfig>
  <SmfStatsCollectorConfig>

    <Setting>
      <!-- ***Setting***
   Setting must contain:
     <SmfOutputLocation>                The local path for the stats file output
     <SmfHouseKeepingDay>               Number of day to house keep the files in OutputLocation
     <OutputToPawz>                     y or n - whether or not to output to the PAWZ/FTA directory
                                        Note: 
                                          It is a GMI standard that the PAWZ stats files have to be located in 
                                          a specific directory, otherwise it will not be compatible with
                                          the PAWZ/FTA agent, hence it is not configurable.
                                          Housekeeping of the PAWZ stats are done by the PAWZ server. 

     <MaxMetricNameLen>                The maximum length of application statistics name (MetricName)                                          
     <RoundOffForPawz>                 To round off any double type stats with exponential value to the defined number of decimal places
     <LocalLogHouseKeepingTime>        The GMT time in 24 hours format that the local capacity log will rotate and housekeep.
     <PawzLogHouseKeepingTime>	       The GMT time in 24 hours format that the capacity log for PAWZ will rotate.
   You can either hardcode the value, and obtain the value from SMF partition 
   e.g. 
     To hardcode the value
       <SmfOutputLocation>C:/OutputLocation</SmfOutputLocation>
     To obtain the value from SMF partition
       <SmfOutputLocation Para = "/smf/path"></SmfOutputLocation>
   

-->

      <SmfOutputLocation>../stats</SmfOutputLocation>
      <SmfHouseKeepingDay>14</SmfHouseKeepingDay>
      <OutputToPawz>y</OutputToPawz>
      <MaxMetricNameLen>50</MaxMetricNameLen>
      <RoundOffForPawz>6</RoundOffForPawz>
      <LocalLogHouseKeepingTime>00:00</LocalLogHouseKeepingTime>
      <PawzLogHouseKeepingTime>00:00</PawzLogHouseKeepingTime>
    </Setting>


    <StaticHeader>
      <!-- ***Static Header***
   StaticHeader must contain:
     <CollectorName>                    Collector name for this application
     <CollectorVersion>                 Collector version for this application
     <CollectorInterval>                Output interval in second
     <Description>                      Description of this system.
     <LiveStandby>			Indicates the state of the machine when the record was created
                                        1 = Live, 0 = Standby.
   
   You can either hardcode the value, and obtain the value from SMF partition 
   e.g. 
     To hardcode the value
       <CollectorName>SMF</CollectorName>
     To obtain the value from SMF partition
       <CollectorName Para = "/smf/path"></CollectorName>
-->

      <CollectorName>SMF</CollectorName>

      <CollectorVersion>1.4</CollectorVersion>

      <CollectorInterval>10</CollectorInterval>

      <Description Para = "/SystemStats/HardwarePlatform"></Description>
      <IP Para = "/NICSettings/0/IpAddress"></IP>

      <LiveStandby>1</LiveStandby>

    </StaticHeader>


    <DynamicMetric>
      <!-- ***Dynamic Metric***  

   Explaination
     Name                            Name of the metric
     <Unit>                          Units for the Metric
     <DataType>	                     Data type for the dynamic data. Choose from:
                                       Number
                                       PartString
                                       Timestamp
                                       Live/Standby
                                       SystemName 
     <StatsType>                     Specify “Dynamic” each data point is different from the preceding data point/
                                     “Increment” If each data point is incremental from previous value.
     <SnapshotOrRate>                Specify “Snapshot” if the data point is a snapshot value.
                                     “Rate” if the data point is a rate.
     <Sample> 
       <Parameter>                   Must be an integer or integer64 type partition for stats collection
                                     unless <DataType> is "PartString"
                                             
                                     Support + - * / for calculations, must be separated by a space
                                       e.g. /Group1/0/Field1/0 + /Group1/1/Field1/1 * 8
                                           
                                     All the operations have the same priority, so the above equation will read as:
                                       = ((/Group1/0/Field1/0 + /Group1/1/Field1/1) * 8)
                                            
                                     If the stats in SMF partition is an increment value, you may want to log the difference of the previous and current value taken
                                       e.g. delta/Group1/0/Field1/0

                                     If the incremental stats may reset to zero, you may want to log the positive difference only:
                                       e.g. positiveDelta/Group1/0/Field1/0

                                     Note that positiveDelta is only applicable to the stats which will reset to zero value only.
                                             
       <SamplingPeriod>              In second, time when it takes the sample reading
       <OutputType>                  Support Peak or Snap only
       <CalculationInterval>         [optional] The time when calculation is carried out
       CalType      		     Support Average only

  Note:
  The application will output the results to a file every x seconds specified in <CollectorInterval> in StaticHeader

  Stats collecting examples:
    1 second peak:
      - Sampling every second, and output the peak of the samples collected
        <Sample>
          <Parameter>/Group1/1/Field1/1</Parameter> 
          <SamplingPeriod>1</SamplingPeriod>  
          <OutputType>peak</OutputType>  
        </Sample>
    
    10 second peak
      - Sampling every 10 seconds, and output the peak of the samples collected
        <Sample>
          <Parameter>/Group1/1/Field1/1</Parameter> 
          <SamplingPeriod>10</SamplingPeriod> 
          <OutputType>Peak</OutputType> 
        </Sample>
        
    Difference of the 10 second peak 
      - Sampling every 10 seconds, and take the difference of the previous and current value collected, and output the peak
        <Sample>
          <Parameter>delta/Group1/1/Field1/1</Parameter> 
          <SamplingPeriod>10</SamplingPeriod> 
          <OutputType>Peak</OutputType> 
        </Sample>

    Positive Difference of the 10 second peak 
      - Sampling every 10 seconds, and only take the positive difference of the previous and current value collected, and output the peak
        <Sample>
          <Parameter>positiveDelta/Group1/1/Field1/1</Parameter> 
          <SamplingPeriod>10</SamplingPeriod> 
          <OutputType>Peak</OutputType> 
        </Sample>
        
     Snap:
       - Sampling every second, but only output the last value collected
        <Sample>
          <Parameter>/Group1/1/Field1/1</Parameter> 
          <SamplingPeriod>1</SamplingPeriod> 
          <OutputType>Snap</OutputType> 
        </Sample>

     Peak of the 10 seconds average:
       - Sampling every second, and take the average every 10 seconds (of 1 second samples)
       - Output peak of the 10 seconds averages calculated
        <Sample>
          <Parameter>/Group1/1/Field1/1</Parameter> 
          <SamplingPeriod>1</SamplingPeriod> 
          <OutputType>Peak</OutputType> 
          <CalculationInterval CalType = "Average">10</CalculationInterval>
        </Sample>
-->


      <!-- Note: Timestamp and LiveStandby are compulsory for AppStatFormat04 -->
      <!-- *** DO NOT REMOVE OR MODIFY START *** -->
      <MetricName Name = "Timestamp">
        <Unit>Timestamp</Unit>
        <DataType>Timestamp</DataType>
        <StatsType>Dynamic</StatsType>
        <SnapshotOrRate>SnapShot</SnapshotOrRate>
      </MetricName>
      <MetricName Name = "LiveStandby">
        <Unit>LiveStandby</Unit>
        <DataType>Live/Standby</DataType>
        <StatsType>Dynamic</StatsType>
        <SnapshotOrRate>SnapShot</SnapshotOrRate>
      </MetricName>
      <!-- *** DO NOT REMOVE OR MODIFY END *** -->

      <!--  *** Start defining your own stats here *** -->
      <MetricName Name = "msg_receive_rate0">
        <Unit>KB</Unit>
        <DataType>Number</DataType>
        <StatsType>Dynamic</StatsType>
        <SnapshotOrRate>SnapShot</SnapshotOrRate>
        <Sample>
          <Parameter>/vae0_dataservice0/inputmsgreceived</Parameter>
          <SamplingPeriod>1</SamplingPeriod>
          <OutputType>snap</OutputType>
        </Sample>
      </MetricName>
      <MetricName Name = "msg_receive_rate1">
        <Unit>KB</Unit>
        <DataType>Number</DataType>
        <StatsType>Dynamic</StatsType>
        <SnapshotOrRate>SnapShot</SnapshotOrRate>
        <Sample>
          <Parameter>/vae0_dataservice1/inputmsgreceived</Parameter>
          <SamplingPeriod>1</SamplingPeriod>
          <OutputType>snap</OutputType>
        </Sample>
      </MetricName>
      <MetricName Name = "msg_receive_rate2">
        <Unit>KB</Unit>
        <DataType>Number</DataType>
        <StatsType>Dynamic</StatsType>
        <SnapshotOrRate>SnapShot</SnapshotOrRate>
        <Sample>
          <Parameter>/vae0_dataservice2/inputmsgreceived</Parameter>
          <SamplingPeriod>1</SamplingPeriod>
          <OutputType>snap</OutputType>
        </Sample>
      </MetricName>
      <MetricName Name = "msg_receive_rate3">
        <Unit>KB</Unit>
        <DataType>Number</DataType>
        <StatsType>Dynamic</StatsType>
        <SnapshotOrRate>SnapShot</SnapshotOrRate>
        <Sample>
          <Parameter>/vae0_dataservice3/inputmsgreceived</Parameter>
          <SamplingPeriod>1</SamplingPeriod>
          <OutputType>snap</OutputType>
        </Sample>
      </MetricName>
      <MetricName Name = "msg_receive_rate4">
        <Unit>KB</Unit>
        <DataType>Number</DataType>
        <StatsType>Dynamic</StatsType>
        <SnapshotOrRate>SnapShot</SnapshotOrRate>
        <Sample>
          <Parameter>/vae0_dataservice4/inputmsgreceived</Parameter>
          <SamplingPeriod>1</SamplingPeriod>
          <OutputType>snap</OutputType>
        </Sample>
      </MetricName>
      <MetricName Name = "msg_receive_rate5">
        <Unit>KB</Unit>
        <DataType>Number</DataType>
        <StatsType>Dynamic</StatsType>
        <SnapshotOrRate>SnapShot</SnapshotOrRate>
        <Sample>
          <Parameter>/vae0_dataservice5/inputmsgreceived</Parameter>
          <SamplingPeriod>1</SamplingPeriod>
          <OutputType>snap</OutputType>
        </Sample>
      </MetricName>
      <MetricName Name = "msg_receive_rate6">
        <Unit>KB</Unit>
        <DataType>Number</DataType>
        <StatsType>Dynamic</StatsType>
        <SnapshotOrRate>SnapShot</SnapshotOrRate>
        <Sample>
          <Parameter>/vae0_dataservice6/inputmsgreceived</Parameter>
          <SamplingPeriod>1</SamplingPeriod>
          <OutputType>snap</OutputType>
        </Sample>
      </MetricName>
      <MetricName Name = "msg_receive_rate7">
        <Unit>KB</Unit>
        <DataType>Number</DataType>
        <StatsType>Dynamic</StatsType>
        <SnapshotOrRate>SnapShot</SnapshotOrRate>
        <Sample>
          <Parameter>/vae0_dataservice7/inputmsgreceived</Parameter>
          <SamplingPeriod>1</SamplingPeriod>
          <OutputType>snap</OutputType>
        </Sample>
      </MetricName>
			  
      <MetricName Name = "msg_send_rate0">
        <Unit>KB</Unit>
        <DataType>Number</DataType>
        <StatsType>Dynamic</StatsType>
        <SnapshotOrRate>SnapShot</SnapshotOrRate>
        <Sample>
          <Parameter>/vae0_dataservice0/outputmsgsent</Parameter>
          <SamplingPeriod>1</SamplingPeriod>
          <OutputType>snap</OutputType>
        </Sample>
      </MetricName>
      <MetricName Name = "msg_send_rate1">
        <Unit>KB</Unit>
        <DataType>Number</DataType>
        <StatsType>Dynamic</StatsType>
        <SnapshotOrRate>SnapShot</SnapshotOrRate>
        <Sample>
          <Parameter>/vae0_dataservice1/outputmsgsent</Parameter>
          <SamplingPeriod>1</SamplingPeriod>
          <OutputType>snap</OutputType>
        </Sample>
      </MetricName>
      <MetricName Name = "msg_send_rate2">
        <Unit>KB</Unit>
        <DataType>Number</DataType>
        <StatsType>Dynamic</StatsType>
        <SnapshotOrRate>SnapShot</SnapshotOrRate>
        <Sample>
          <Parameter>/vae0_dataservice2/outputmsgsent</Parameter>
          <SamplingPeriod>1</SamplingPeriod>
          <OutputType>snap</OutputType>
        </Sample>
      </MetricName>
      <MetricName Name = "msg_send_rate3">
        <Unit>KB</Unit>
        <DataType>Number</DataType>
        <StatsType>Dynamic</StatsType>
        <SnapshotOrRate>SnapShot</SnapshotOrRate>
        <Sample>
          <Parameter>/vae0_dataservice3/outputmsgsent</Parameter>
          <SamplingPeriod>1</SamplingPeriod>
          <OutputType>snap</OutputType>
        </Sample>
      </MetricName>
      <MetricName Name = "msg_send_rate4">
        <Unit>KB</Unit>
        <DataType>Number</DataType>
        <StatsType>Dynamic</StatsType>
        <SnapshotOrRate>SnapShot</SnapshotOrRate>
        <Sample>
          <Parameter>/vae0_dataservice4/outputmsgsent</Parameter>
          <SamplingPeriod>1</SamplingPeriod>
          <OutputType>snap</OutputType>
        </Sample>
      </MetricName>
      <MetricName Name = "msg_send_rate5">
        <Unit>KB</Unit>
        <DataType>Number</DataType>
        <StatsType>Dynamic</StatsType>
        <SnapshotOrRate>SnapShot</SnapshotOrRate>
        <Sample>
          <Parameter>/vae0_dataservice5/outputmsgsent</Parameter>
          <SamplingPeriod>1</SamplingPeriod>
          <OutputType>snap</OutputType>
        </Sample>
      </MetricName>
      <MetricName Name = "msg_send_rate6">
        <Unit>KB</Unit>
        <DataType>Number</DataType>
        <StatsType>Dynamic</StatsType>
        <SnapshotOrRate>SnapShot</SnapshotOrRate>
        <Sample>
          <Parameter>/vae0_dataservice6/outputmsgsent</Parameter>
          <SamplingPeriod>1</SamplingPeriod>
          <OutputType>snap</OutputType>
        </Sample>
      </MetricName>
      <MetricName Name = "msg_send_rate7">
        <Unit>KB</Unit>
        <DataType>Number</DataType>
        <StatsType>Dynamic</StatsType>
        <SnapshotOrRate>SnapShot</SnapshotOrRate>
        <Sample>
          <Parameter>/vae0_dataservice7/outputmsgsent</Parameter>
          <SamplingPeriod>1</SamplingPeriod>
          <OutputType>snap</OutputType>
        </Sample>
      </MetricName>
      <MetricName Name = "total_message_receive_rate">
        <Unit>pages/sec</Unit>
        <DataType>Number</DataType>
        <StatsType>Dynamic</StatsType>
        <SnapshotOrRate>SnapShot</SnapshotOrRate>
        <Sample>
          <Parameter>/vae0_rsslreceiver/messagesreceived</Parameter>
          <SamplingPeriod>1</SamplingPeriod>
          <OutputType>peak</OutputType>
          <CalculationInterval CalType = "Average">10</CalculationInterval>
        </Sample>
      </MetricName>
      <MetricName Name = "input_item_count0">
        <Unit>%</Unit>
        <DataType>Number</DataType>
        <StatsType>Dynamic</StatsType>
        <SnapshotOrRate>SnapShot</SnapshotOrRate>
        <Sample>
          <Parameter>/vae0_dataservice0/totalinputitemcount</Parameter>
          <SamplingPeriod>1</SamplingPeriod>
          <OutputType>peak</OutputType>
          <CalculationInterval CalType = "Average">10</CalculationInterval>
        </Sample>
      </MetricName>
      <MetricName Name = "input_item_count1">
        <Unit>%</Unit>
        <DataType>Number</DataType>
        <StatsType>Dynamic</StatsType>
        <SnapshotOrRate>SnapShot</SnapshotOrRate>
        <Sample>
          <Parameter>/vae0_dataservice1/totalinputitemcount</Parameter>
          <SamplingPeriod>1</SamplingPeriod>
          <OutputType>peak</OutputType>
          <CalculationInterval CalType = "Average">10</CalculationInterval>
        </Sample>
      </MetricName>
      <MetricName Name = "input_item_count2">
        <Unit>%</Unit>
        <DataType>Number</DataType>
        <StatsType>Dynamic</StatsType>
        <SnapshotOrRate>SnapShot</SnapshotOrRate>
        <Sample>
          <Parameter>/vae0_dataservice2/totalinputitemcount</Parameter>
          <SamplingPeriod>1</SamplingPeriod>
          <OutputType>peak</OutputType>
          <CalculationInterval CalType = "Average">10</CalculationInterval>
        </Sample>
      </MetricName>
      <MetricName Name = "input_item_count3">
        <Unit>%</Unit>
        <DataType>Number</DataType>
        <StatsType>Dynamic</StatsType>
        <SnapshotOrRate>SnapShot</SnapshotOrRate>
        <Sample>
          <Parameter>/vae0_dataservice3/totalinputitemcount</Parameter>
          <SamplingPeriod>1</SamplingPeriod>
          <OutputType>peak</OutputType>
          <CalculationInterval CalType = "Average">10</CalculationInterval>
        </Sample>
      </MetricName>
      <MetricName Name = "input_item_count4">
        <Unit>%</Unit>
        <DataType>Number</DataType>
        <StatsType>Dynamic</StatsType>
        <SnapshotOrRate>SnapShot</SnapshotOrRate>
        <Sample>
          <Parameter>/vae0_dataservice4/totalinputitemcount</Parameter>
          <SamplingPeriod>1</SamplingPeriod>
          <OutputType>peak</OutputType>
          <CalculationInterval CalType = "Average">10</CalculationInterval>
        </Sample>
      </MetricName>
      <MetricName Name = "input_item_count5">
        <Unit>%</Unit>
        <DataType>Number</DataType>
        <StatsType>Dynamic</StatsType>
        <SnapshotOrRate>SnapShot</SnapshotOrRate>
        <Sample>
          <Parameter>/vae0_dataservice5/totalinputitemcount</Parameter>
          <SamplingPeriod>1</SamplingPeriod>
          <OutputType>peak</OutputType>
          <CalculationInterval CalType = "Average">10</CalculationInterval>
        </Sample>
      </MetricName>
      <MetricName Name = "input_item_count6">
        <Unit>%</Unit>
        <DataType>Number</DataType>
        <StatsType>Dynamic</StatsType>
        <SnapshotOrRate>SnapShot</SnapshotOrRate>
        <Sample>
          <Parameter>/vae0_dataservice6/totalinputitemcount</Parameter>
          <SamplingPeriod>1</SamplingPeriod>
          <OutputType>peak</OutputType>
          <CalculationInterval CalType = "Average">10</CalculationInterval>
        </Sample>
      </MetricName>
      <MetricName Name = "input_item_count7">
        <Unit>%</Unit>
        <DataType>Number</DataType>
        <StatsType>Dynamic</StatsType>
        <SnapshotOrRate>SnapShot</SnapshotOrRate>
        <Sample>
          <Parameter>/vae0_dataservice7/totalinputitemcount</Parameter>
          <SamplingPeriod>1</SamplingPeriod>
          <OutputType>peak</OutputType>
          <CalculationInterval CalType = "Average">10</CalculationInterval>
        </Sample>
      </MetricName>	  

      <MetricName Name = "output_item_count0">
        <Unit>%</Unit>
        <DataType>Number</DataType>
        <StatsType>Dynamic</StatsType>
        <SnapshotOrRate>SnapShot</SnapshotOrRate>
        <Sample>
          <Parameter>/vae0_dataservice0/totaloutputitemcount</Parameter>
          <SamplingPeriod>1</SamplingPeriod>
          <OutputType>peak</OutputType>
        </Sample>
      </MetricName>
      <MetricName Name = "output_item_count1">
        <Unit>%</Unit>
        <DataType>Number</DataType>
        <StatsType>Dynamic</StatsType>
        <SnapshotOrRate>SnapShot</SnapshotOrRate>
        <Sample>
          <Parameter>/vae0_dataservice1/totaloutputitemcount</Parameter>
          <SamplingPeriod>1</SamplingPeriod>
          <OutputType>peak</OutputType>
        </Sample>
      </MetricName>
	  <MetricName Name = "output_item_count2">
        <Unit>%</Unit>
        <DataType>Number</DataType>
        <StatsType>Dynamic</StatsType>
        <SnapshotOrRate>SnapShot</SnapshotOrRate>
        <Sample>
          <Parameter>/vae0_dataservice2/totaloutputitemcount</Parameter>
          <SamplingPeriod>1</SamplingPeriod>
          <OutputType>peak</OutputType>
        </Sample>
      </MetricName>
	  <MetricName Name = "output_item_count3">
        <Unit>%</Unit>
        <DataType>Number</DataType>
        <StatsType>Dynamic</StatsType>
        <SnapshotOrRate>SnapShot</SnapshotOrRate>
        <Sample>
          <Parameter>/vae0_dataservice3/totaloutputitemcount</Parameter>
          <SamplingPeriod>1</SamplingPeriod>
          <OutputType>peak</OutputType>
        </Sample>
      </MetricName>
	  <MetricName Name = "output_item_count4">
        <Unit>%</Unit>
        <DataType>Number</DataType>
        <StatsType>Dynamic</StatsType>
        <SnapshotOrRate>SnapShot</SnapshotOrRate>
        <Sample>
          <Parameter>/vae0_dataservice4/totaloutputitemcount</Parameter>
          <SamplingPeriod>1</SamplingPeriod>
          <OutputType>peak</OutputType>
        </Sample>
      </MetricName>
	  <MetricName Name = "output_item_count5">
        <Unit>%</Unit>
        <DataType>Number</DataType>
        <StatsType>Dynamic</StatsType>
        <SnapshotOrRate>SnapShot</SnapshotOrRate>
        <Sample>
          <Parameter>/vae0_dataservice5/totaloutputitemcount</Parameter>
          <SamplingPeriod>1</SamplingPeriod>
          <OutputType>peak</OutputType>
        </Sample>
      </MetricName>
	  <MetricName Name = "output_item_count6">
        <Unit>%</Unit>
        <DataType>Number</DataType>
        <StatsType>Dynamic</StatsType>
        <SnapshotOrRate>SnapShot</SnapshotOrRate>
        <Sample>
          <Parameter>/vae0_dataservice6/totaloutputitemcount</Parameter>
          <SamplingPeriod>1</SamplingPeriod>
          <OutputType>peak</OutputType>
        </Sample>
      </MetricName>
	  <MetricName Name = "output_item_count7">
        <Unit>%</Unit>
        <DataType>Number</DataType>
        <StatsType>Dynamic</StatsType>
        <SnapshotOrRate>SnapShot</SnapshotOrRate>
        <Sample>
          <Parameter>/vae0_dataservice7/totaloutputitemcount</Parameter>
          <SamplingPeriod>1</SamplingPeriod>
          <OutputType>peak</OutputType>
        </Sample>
      </MetricName>

      <MetricName Name = "internal_item_count0">
        <Unit>%</Unit>
        <DataType>Number</DataType>
        <StatsType>Dynamic</StatsType>
        <SnapshotOrRate>SnapShot</SnapshotOrRate>
        <Sample>
          <Parameter>/vae0_dataservice0/totalinternalitemcount</Parameter>
          <SamplingPeriod>1</SamplingPeriod>
          <OutputType>peak</OutputType>
        </Sample>
      </MetricName>
      <MetricName Name = "internal_item_count1">
        <Unit>%</Unit>
        <DataType>Number</DataType>
        <StatsType>Dynamic</StatsType>
        <SnapshotOrRate>SnapShot</SnapshotOrRate>
        <Sample>
          <Parameter>/vae0_dataservice1/totalinternalitemcount</Parameter>
          <SamplingPeriod>1</SamplingPeriod>
          <OutputType>peak</OutputType>
        </Sample>
      </MetricName>
	  <MetricName Name = "internal_item_count2">
        <Unit>%</Unit>
        <DataType>Number</DataType>
        <StatsType>Dynamic</StatsType>
        <SnapshotOrRate>SnapShot</SnapshotOrRate>
        <Sample>
          <Parameter>/vae0_dataservice2/totalinternalitemcount</Parameter>
          <SamplingPeriod>1</SamplingPeriod>
          <OutputType>peak</OutputType>
        </Sample>
      </MetricName>
	  <MetricName Name = "internal_item_count3">
        <Unit>%</Unit>
        <DataType>Number</DataType>
        <StatsType>Dynamic</StatsType>
        <SnapshotOrRate>SnapShot</SnapshotOrRate>
        <Sample>
          <Parameter>/vae0_dataservice3/totalinternalitemcount</Parameter>
          <SamplingPeriod>1</SamplingPeriod>
          <OutputType>peak</OutputType>
        </Sample>
      </MetricName>
	  <MetricName Name = "internal_item_count4">
        <Unit>%</Unit>
        <DataType>Number</DataType>
        <StatsType>Dynamic</StatsType>
        <SnapshotOrRate>SnapShot</SnapshotOrRate>
        <Sample>
          <Parameter>/vae0_dataservice4/totalinternalitemcount</Parameter>
          <SamplingPeriod>1</SamplingPeriod>
          <OutputType>peak</OutputType>
        </Sample>
      </MetricName>
	  <MetricName Name = "internal_item_count5">
        <Unit>%</Unit>
        <DataType>Number</DataType>
        <StatsType>Dynamic</StatsType>
        <SnapshotOrRate>SnapShot</SnapshotOrRate>
        <Sample>
          <Parameter>/vae0_dataservice5/totalinternalitemcount</Parameter>
          <SamplingPeriod>1</SamplingPeriod>
          <OutputType>peak</OutputType>
        </Sample>
      </MetricName>
	  <MetricName Name = "internal_item_count6">
        <Unit>%</Unit>
        <DataType>Number</DataType>
        <StatsType>Dynamic</StatsType>
        <SnapshotOrRate>SnapShot</SnapshotOrRate>
        <Sample>
          <Parameter>/vae0_dataservice6/totalinternalitemcount</Parameter>
          <SamplingPeriod>1</SamplingPeriod>
          <OutputType>peak</OutputType>
        </Sample>
      </MetricName>
	  <MetricName Name = "internal_item_count7">
        <Unit>%</Unit>
        <DataType>Number</DataType>
        <StatsType>Dynamic</StatsType>
        <SnapshotOrRate>SnapShot</SnapshotOrRate>
        <Sample>
          <Parameter>/vae0_dataservice7/totalinternalitemcount</Parameter>
          <SamplingPeriod>1</SamplingPeriod>
          <OutputType>peak</OutputType>
        </Sample>
      </MetricName>

	  <MetricName Name = "total_item_count0">
        <Unit>%</Unit>
        <DataType>Number</DataType>
        <StatsType>Dynamic</StatsType>
        <SnapshotOrRate>SnapShot</SnapshotOrRate>
        <Sample>
          <Parameter>/vae0_cacheprocessor0_General/Total_Items_Added</Parameter>
          <SamplingPeriod>1</SamplingPeriod>
          <OutputType>peak</OutputType>
        </Sample>
      </MetricName>
	  <MetricName Name = "total_item_count1">
        <Unit>%</Unit>
        <DataType>Number</DataType>
        <StatsType>Dynamic</StatsType>
        <SnapshotOrRate>SnapShot</SnapshotOrRate>
        <Sample>
          <Parameter>/vae0_cacheprocessor1_General/Total_Items_Added</Parameter>
          <SamplingPeriod>1</SamplingPeriod>
          <OutputType>peak</OutputType>
        </Sample>
      </MetricName>
	  <MetricName Name = "total_item_count2">
        <Unit>%</Unit>
        <DataType>Number</DataType>
        <StatsType>Dynamic</StatsType>
        <SnapshotOrRate>SnapShot</SnapshotOrRate>
        <Sample>
          <Parameter>/vae0_cacheprocessor2_General/Total_Items_Added</Parameter>
          <SamplingPeriod>1</SamplingPeriod>
          <OutputType>peak</OutputType>
        </Sample>
      </MetricName>	  
	  <MetricName Name = "total_item_count3">
        <Unit>%</Unit>
        <DataType>Number</DataType>
        <StatsType>Dynamic</StatsType>
        <SnapshotOrRate>SnapShot</SnapshotOrRate>
        <Sample>
          <Parameter>/vae0_cacheprocessor3_General/Total_Items_Added</Parameter>
          <SamplingPeriod>1</SamplingPeriod>
          <OutputType>peak</OutputType>
        </Sample>
      </MetricName>	  
	  <MetricName Name = "total_item_count4">
        <Unit>%</Unit>
        <DataType>Number</DataType>
        <StatsType>Dynamic</StatsType>
        <SnapshotOrRate>SnapShot</SnapshotOrRate>
        <Sample>
          <Parameter>/vae0_cacheprocessor4_General/Total_Items_Added</Parameter>
          <SamplingPeriod>1</SamplingPeriod>
          <OutputType>peak</OutputType>
        </Sample>
      </MetricName>
	  <MetricName Name = "total_item_count5">
        <Unit>%</Unit>
        <DataType>Number</DataType>
        <StatsType>Dynamic</StatsType>
        <SnapshotOrRate>SnapShot</SnapshotOrRate>
        <Sample>
          <Parameter>/vae0_cacheprocessor5_General/Total_Items_Added</Parameter>
          <SamplingPeriod>1</SamplingPeriod>
          <OutputType>peak</OutputType>
        </Sample>
      </MetricName>
	  <MetricName Name = "total_item_count6">
        <Unit>%</Unit>
        <DataType>Number</DataType>
        <StatsType>Dynamic</StatsType>
        <SnapshotOrRate>SnapShot</SnapshotOrRate>
        <Sample>
          <Parameter>/vae0_cacheprocessor6_General/Total_Items_Added</Parameter>
          <SamplingPeriod>1</SamplingPeriod>
          <OutputType>peak</OutputType>
        </Sample>
      </MetricName>
	  <MetricName Name = "total_item_count7">
        <Unit>%</Unit>
        <DataType>Number</DataType>
        <StatsType>Dynamic</StatsType>
        <SnapshotOrRate>SnapShot</SnapshotOrRate>
        <Sample>
          <Parameter>/vae0_cacheprocessor7_General/Total_Items_Added</Parameter>
          <SamplingPeriod>1</SamplingPeriod>
          <OutputType>peak</OutputType>
        </Sample>
      </MetricName>
	  
      <MetricName Name = "memory_used_VAA0">
        <Unit>%</Unit>
        <DataType> Number</DataType>
        <StatsType> Dynamic</StatsType>
        <SnapshotOrRate>SnapShot</SnapshotOrRate>
        <Sample>
          <Parameter>/vae0_memoryservice_VaaAllocator_partitionthread0/BytesInUse</Parameter>
          <SamplingPeriod>1</SamplingPeriod>
          <OutputType>peak</OutputType>
        </Sample>
      </MetricName>
      <MetricName Name = "memory_used_VAA1">
        <Unit>%</Unit>
        <DataType> Number</DataType>
        <StatsType> Dynamic</StatsType>
        <SnapshotOrRate>SnapShot</SnapshotOrRate>
        <Sample>
          <Parameter>/vae0_memoryservice_VaaAllocator_partitionthread1/BytesInUse</Parameter>
          <SamplingPeriod>1</SamplingPeriod>
          <OutputType>peak</OutputType>
        </Sample>
      </MetricName>
      <MetricName Name = "memory_used_VAA2">
        <Unit>%</Unit>
        <DataType> Number</DataType>
        <StatsType> Dynamic</StatsType>
        <SnapshotOrRate>SnapShot</SnapshotOrRate>
        <Sample>
          <Parameter>/vae0_memoryservice_VaaAllocator_partitionthread2/BytesInUse</Parameter>
          <SamplingPeriod>1</SamplingPeriod>
          <OutputType>peak</OutputType>
        </Sample>
      </MetricName>
      <MetricName Name = "memory_used_VAA3">
        <Unit>%</Unit>
        <DataType> Number</DataType>
        <StatsType> Dynamic</StatsType>
        <SnapshotOrRate>SnapShot</SnapshotOrRate>
        <Sample>
          <Parameter>/vae0_memoryservice_VaaAllocator_partitionthread3/BytesInUse</Parameter>
          <SamplingPeriod>1</SamplingPeriod>
          <OutputType>peak</OutputType>
        </Sample>
      </MetricName>
      <MetricName Name = "memory_used_VAA4">
        <Unit>%</Unit>
        <DataType> Number</DataType>
        <StatsType> Dynamic</StatsType>
        <SnapshotOrRate>SnapShot</SnapshotOrRate>
        <Sample>
          <Parameter>/vae0_memoryservice_VaaAllocator_partitionthread4/BytesInUse</Parameter>
          <SamplingPeriod>1</SamplingPeriod>
          <OutputType>peak</OutputType>
        </Sample>
      </MetricName>
      <MetricName Name = "memory_used_VAA5">
        <Unit>%</Unit>
        <DataType> Number</DataType>
        <StatsType> Dynamic</StatsType>
        <SnapshotOrRate>SnapShot</SnapshotOrRate>
        <Sample>
          <Parameter>/vae0_memoryservice_VaaAllocator_partitionthread5/BytesInUse</Parameter>
          <SamplingPeriod>1</SamplingPeriod>
          <OutputType>peak</OutputType>
        </Sample>
      </MetricName>
      <MetricName Name = "memory_used_VAA6">
        <Unit>%</Unit>
        <DataType> Number</DataType>
        <StatsType> Dynamic</StatsType>
        <SnapshotOrRate>SnapShot</SnapshotOrRate>
        <Sample>
          <Parameter>/vae0_memoryservice_VaaAllocator_partitionthread6/BytesInUse</Parameter>
          <SamplingPeriod>1</SamplingPeriod>
          <OutputType>peak</OutputType>
        </Sample>
      </MetricName>	  
      <MetricName Name = "memory_used_VAA7">
        <Unit>%</Unit>
        <DataType> Number</DataType>
        <StatsType> Dynamic</StatsType>
        <SnapshotOrRate>SnapShot</SnapshotOrRate>
        <Sample>
          <Parameter>/vae0_memoryservice_VaaAllocator_partitionthread7/BytesInUse</Parameter>
          <SamplingPeriod>1</SamplingPeriod>
          <OutputType>peak</OutputType>
        </Sample>
      </MetricName>
      <MetricName Name = "total_memory_used_VAA">
        <Unit>%</Unit>
        <DataType> Number</DataType>
        <StatsType> Dynamic</StatsType>
        <SnapshotOrRate>SnapShot</SnapshotOrRate>
        <Sample>
          <Parameter>/vae0_memoryservice_VaaAllocator/BytesInUse</Parameter>
          <SamplingPeriod>1</SamplingPeriod>
          <OutputType>peak</OutputType>
        </Sample>
      </MetricName>

      <MetricName Name = "memory_used_VAD0">
        <Unit>%</Unit>
        <DataType> Number</DataType>
        <StatsType> Dynamic</StatsType>
        <SnapshotOrRate>SnapShot</SnapshotOrRate>
        <Sample>
          <Parameter>/vae0_memoryservice_VadAllocator_partitionthread0/BytesInUse</Parameter>
          <SamplingPeriod>1</SamplingPeriod>
          <OutputType>peak</OutputType>
        </Sample>
      </MetricName>
      <MetricName Name = "memory_used_VAD1">
        <Unit>%</Unit>
        <DataType> Number</DataType>
        <StatsType> Dynamic</StatsType>
        <SnapshotOrRate>SnapShot</SnapshotOrRate>
        <Sample>
          <Parameter>/vae0_memoryservice_VadAllocator_partitionthread1/BytesInUse</Parameter>
          <SamplingPeriod>1</SamplingPeriod>
          <OutputType>peak</OutputType>
        </Sample>
      </MetricName>
      <MetricName Name = "memory_used_VAD2">
        <Unit>%</Unit>
        <DataType> Number</DataType>
        <StatsType> Dynamic</StatsType>
        <SnapshotOrRate>SnapShot</SnapshotOrRate>
        <Sample>
          <Parameter>/vae0_memoryservice_VadAllocator_partitionthread2/BytesInUse</Parameter>
          <SamplingPeriod>1</SamplingPeriod>
          <OutputType>peak</OutputType>
        </Sample>
      </MetricName>
      <MetricName Name = "memory_used_VAD3">
        <Unit>%</Unit>
        <DataType> Number</DataType>
        <StatsType> Dynamic</StatsType>
        <SnapshotOrRate>SnapShot</SnapshotOrRate>
        <Sample>
          <Parameter>/vae0_memoryservice_VadAllocator_partitionthread3/BytesInUse</Parameter>
          <SamplingPeriod>1</SamplingPeriod>
          <OutputType>peak</OutputType>
        </Sample>
      </MetricName>
      <MetricName Name = "memory_used_VAD4">
        <Unit>%</Unit>
        <DataType> Number</DataType>
        <StatsType> Dynamic</StatsType>
        <SnapshotOrRate>SnapShot</SnapshotOrRate>
        <Sample>
          <Parameter>/vae0_memoryservice_VadAllocator_partitionthread4/BytesInUse</Parameter>
          <SamplingPeriod>1</SamplingPeriod>
          <OutputType>peak</OutputType>
        </Sample>
      </MetricName>
      <MetricName Name = "memory_used_VAD5">
        <Unit>%</Unit>
        <DataType> Number</DataType>
        <StatsType> Dynamic</StatsType>
        <SnapshotOrRate>SnapShot</SnapshotOrRate>
        <Sample>
          <Parameter>/vae0_memoryservice_VadAllocator_partitionthread5/BytesInUse</Parameter>
          <SamplingPeriod>1</SamplingPeriod>
          <OutputType>peak</OutputType>
        </Sample>
      </MetricName>
      <MetricName Name = "memory_used_VAD6">
        <Unit>%</Unit>
        <DataType> Number</DataType>
        <StatsType> Dynamic</StatsType>
        <SnapshotOrRate>SnapShot</SnapshotOrRate>
        <Sample>
          <Parameter>/vae0_memoryservice_VadAllocator_partitionthread6/BytesInUse</Parameter>
          <SamplingPeriod>1</SamplingPeriod>
          <OutputType>peak</OutputType>
        </Sample>
      </MetricName>	  
      <MetricName Name = "memory_used_VAD7">
        <Unit>%</Unit>
        <DataType> Number</DataType>
        <StatsType> Dynamic</StatsType>
        <SnapshotOrRate>SnapShot</SnapshotOrRate>
        <Sample>
          <Parameter>/vae0_memoryservice_VadAllocator_partitionthread7/BytesInUse</Parameter>
          <SamplingPeriod>1</SamplingPeriod>
          <OutputType>peak</OutputType>
        </Sample>
      </MetricName>
      <MetricName Name = "memory_used_SHARED_VAD">
        <Unit>%</Unit>
        <DataType> Number</DataType>
        <StatsType> Dynamic</StatsType>
        <SnapshotOrRate>SnapShot</SnapshotOrRate>
        <Sample>
          <Parameter>/vae0_memoryservice_VadAllocator_sharedvadthread/BytesInUse</Parameter>
          <SamplingPeriod>1</SamplingPeriod>
          <OutputType>peak</OutputType>
        </Sample>
      </MetricName>
      <MetricName Name = "total_memory_used_VAD">
        <Unit>%</Unit>
        <DataType> Number</DataType>
        <StatsType> Dynamic</StatsType>
        <SnapshotOrRate>SnapShot</SnapshotOrRate>
        <Sample>
          <Parameter>/vae0_memoryservice_VadAllocator/BytesInUse</Parameter>
          <SamplingPeriod>1</SamplingPeriod>
          <OutputType>peak</OutputType>
        </Sample>
      </MetricName>
	  
     </DynamicMetric>
  </SmfStatsCollectorConfig>
</ServerConfig>