﻿<?xml version="1.0" encoding="utf-8"?>
<document case="lower" version="1">
	<plugins>
		<dll filename="Concurrency.dll"/>
		<dll filename="MemoryFactory.dll"/>
		<dll filename="SharedStatisticsFactory.dll" /> 
		<dll filename="Compressor.dll" />
		<dll filename="Eventing.dll"/>
		<dll filename="ControlBus.dll"/>
		<dll filename="ControlMessage.dll"/>
		<dll filename="SMF.dll" />
	</plugins>
	
	<signals>	
		<!-- Change the <APPNAME> to app name of your choice -->
		<signal name="StatsPublish" type="ExternalSignal" phase="0" OSEventName="vae0_Stats_Publish_Event" thread="CollationThread">
			<sink component="StatisticsCollator" sinkname="PublishSink"/>
		</signal>
		
	
		<!-- Change the <APPNAME> to app name of your choice -->
		<signal name="StatsPublish" type="ExternalSignal" phase="0" OSEventName="vae0_Stats_Quit_Event" thread="CollationThread">
			<sink component="StatisticsCollator" sinkname="QuitSink"/>
		</signal>
		
		<signal name="CloseRecoveryFile" type="Signal" phase="0" thread="WriterThread" TriggeringComponent="StatisticsCollator" >
			<sink component="StatisticsRecoveryFileLogger" sinkname="closefilesink"/>
		</signal>
		
		<signal name="AppCrashSignal" type="CoarseTimerSignal" phase="0" time="1000" triggeringcomponent="StatisticsCollator" thread="CollationThread">
			<sink component="StatisticsCollator" sinkname="AppCrashSink"/>
		</signal>
		
		<signal name="EventUpdateSignal" type="CoarseTimerSignal" phase="1" time="10000" triggeringcomponent="EventLogger" thread="EventThread">
			<sink component="EventLogger" sinkname="eventtimersink"/>
		</signal>
		<!-- stats -->
	</signals>
	<!-- Components and their dependencies-->
	<components>
		<component name="SMFPartitionManager" type="SMFPartitionManager" phase="0" /> 
		<component name="StatisticsFactory" type="StatisticsFactory" phase="0">
			<dependency type="@all"/>
		</component>
		<component name="MemoryFactory" type="MemoryFactory" phase="0" />
		<component name="StatisticsLogger" type="StatisticsLogger" phase="0" >
			<dependency name="Compressor" />
		</component>
		<component name="StatisticsRecoveryFileLogger" type="StatisticsLogger" phase="0" >
			<dependency name="Compressor" />
		</component>
		<component name="StatisticsCollator" type="StatisticsCollator" phase="1" >
			<dependency name="SMFPartitionManager" />
		</component>
		<component name="Compressor" type="Compressor" phase="0" />		
		<component name="ControlBus" type="ControlBus" phase="0">
			<dependency type="BasicThread"/>
		</component>
		<component name="ControlMessageFactory" type="ControlMessageFactory" phase="0"/>
		<component name="EventInfoRepository" type="EventInfoRepository" phase="0"/>
		<component name="EventManager" type="EventManager" phase="0">
			<dependency name="EventInfoRepository"/>
			<dependency name="EventLogger"/>
		</component>
		<component name="EventLogger" type="EventLogger" phase="0" />
		
		<component name="SMFRequestReceiver" type="SMFRequestReceiver" phase="0" /> 
	</components>

  <!-- Threads-->
	<threads>
		<thread name="CollationThread" type="BasicThread" phase="0"/>
		<thread name="WriterThread" type="BasicThread" phase="0"/>
		<thread name="EventThread" type="BasicThread" phase="0"/>
	</threads>
	<!-- Configuration files-->
	<configurationfiles>
		<file name="D:\ThomsonReuters\VAH\Config\StatsCollator_Config.xml" version="1"/>
	</configurationfiles>
  
  <!-- This section enables the everything in the components and channels -->
	<GlobalDependencies>
		<component name="MemoryFactory" />
		<component name="StatisticsFactory" />
		<component name="ControlMessageFactory" />
		<component name="EventInfoRepository" />
		<component name="SMFRequestReceiver" />
	</GlobalDependencies>

	<connections>
	
		<connectionex from="::EventOutgoingSource" viachannel="@apc" thread="EventThread" to="EventManager::ReceiveEventSink"/>
		<connectionex from="::ControlBusSource" viachannel="@apc" thread="EventThread" to="ControlBus::ControlBusSink"/>		
		
		<connectionex from="StatisticsCollator::StatsSource" viachannel="FullStatsFileChannel" thread="WriterThread" to="StatisticsLogger::DataSink"/>
		<connectionex from="StatisticsCollator::StatsRecoverySource" viachannel="RecoveryFileChannel" thread="WriterThread" to="StatisticsRecoveryFileLogger::DataSink"/>		
		<!-- memory return -->		
		<connectionex from="MemoryFactory::MemoryReturnSource" viachannel="MemoryReturnChannel" thread="CollationThread" to="MemoryFactory::MemoryReturnSink"/>
		<connectionex from="ControlMessageFactory::MemoryReturnSource" viachannel="MemoryReturnChannel" thread="CollationThread" to="MemoryFactory::MemoryReturnSink"/>
	<!--
		<connectionex from="StatisticsLogger::ReturnMemorySource" viachannel="ReturnMemoryChannel" thread="CollationThread" to="StatisticsCollator::ReturnMemorySink"/>
		<connectionex from="StatisticsRecoveryFileLogger::ReturnMemorySource" viachannel="ReturnMemoryChannel" thread="CollationThread" to="StatisticsCollator::ReturnMemorySink"/>
	-->
	</connections>
</document>
