﻿<?xml version="1.0" encoding="utf-8"?>
<document case="lower" version="1.0">
  <plugins>
    <dll filename="Concurrency.dll" />
    <dll filename="MemoryFactory.dll" />
    <dll filename="Eventing.dll" />
    <dll filename="sharedstatisticsfactory.dll" />
    <dll filename="DatagramFrameFactory.dll" />
    <dll filename="ControlBus.dll" />
    <dll filename="ControlMessage.dll" />
    <dll filename="WinLatencySuite.dll" />
    <dll filename="TRWF2CapsuleFactory.dll" />
    <dll filename="FileAgeOut.dll" />
    <dll filename="SMF.dll" />
    <dll filename="WindowsUtilities.dll" />
    <dll filename="DatagramToTRWF2Capsule.dll" />
    <dll filename="TRWF2CapsuleToDatagram.dll" />
    <dll filename="PropertyFactory.dll" />
    <dll filename="ElektronSCW.dll" />
    <dll filename="datagramReceiver.dll" />
    <dll filename="datagramSender.dll" />
    <dll filename="IPLTransport.dll" />
    <dll filename="FactoryManager.dll" />
    <dll filename="SerializableBufferFactory.dll" />
    <dll filename="configurecomponentfactory.dll" />
    <dll filename="MTPUtilities.dll" />
    <dll filename="DataSmoother.dll" />
    <dll filename="../Bin/DynamicService.dll" />
    <dll filename="../Bin/LabelDestination.dll" />
    <dll filename="../Bin/RsslCommunication.dll" />
    <dll filename="../Bin/SessionServiceRouter.dll" />
    <dll filename="../Bin/TRWF2Builder.dll" />
    <dll filename="../Bin/TRWF2ToDatagramDynamic.dll" />
    <dll filename="../Bin/SubscriptionMsgBaseFactory.dll" />
    <dll filename="../Bin/PartitionCore.dll" />
    <dll filename="../Bin/DataService.dll" />
    <dll filename="../Bin/CacheProcessor.dll" />
    <dll filename="../Bin/DictionaryService.dll" />
    <dll filename="../Bin/MemoryService.dll" />
    <dll filename="../Bin/SchemaService.dll" />
    <dll filename="../Bin/TimerService.dll" />
    <dll filename="../Bin/OutputConflater.dll" />
    <dll filename="../Bin/ConfigurationService.dll" />
    <dll filename="../Bin/LoggerService.dll" />
    <dll filename="../Bin/MarketCalendar.dll" />
    <dll filename="../Bin/ChainService.dll" />
    <dll filename="../Bin/VAEManager.dll" />
    <dll filename="../Bin/IPLDaemon.dll" />
    <dll filename="../Bin/StatisticsService.dll" />
    <dll filename="../Bin/SCWManager.dll" />
    <dll filename="../Bin/OciEventLogger.dll" />
    <dll filename="../Bin/OutputManager.dll" />
  </plugins>
  <components>
    <component name="profilingstatistics" type="profilingstatistics" phase="1" />
    <component name="threadprofilemanager" type="threadprofilemanager" phase="1" />
    <component name="ChannelManager" type="ChannelManager" phase="1">
      <dependency type="InterThreadConnectionEx" />
      <dependency name="profilingstatistics" />
    </component>
    <component name="configurecomponentfactory" type="configurecomponentfactory" phase="1" />
    <component name="MemoryFactory" type="MemoryFactory" phase="0" />
    <component name="MemoryService" type="MemoryService" phase="0" />
    <component name="VAEManager" type="VAEManager" phase="2">
      <dependency name="VAEManagerSMFReceiver" />
      <dependency name="PropertyFactory" />
      <dependency name="SCW" />
      <dependency name="ItemDumper" />
      <dependency name="sharedvad" />
    </component>
    <component name="VAEManagerSMFReceiver" type="VAEManagerSMFReceiver" phase="0">
      <dependency name="SMFThread" />
    </component>
    <component name="SCW" type="ElektronSCW" phase="6" />
    <component name="PropertyFactory" type="PropertyFactory" phase="1" />
    <component name="StatisticsFactory" type="StatisticsFactory" phase="0">
      <dependency type="@all" />
    </component>
    <component name="DatagramFrameFactory" type="DatagramFrameFactory" phase="0" />
    <component name="ControlMessageFactory" type="controlmessagefactory" phase="0" />
    <component name="TimestampFactory" type="timestampfactory" phase="0" />
    <component name="TRWF2CapsuleFactory" type="trwf2capsulefactory" phase="0" />
    <component name="RsslConnector" type="rsslconnector" phase="0" />
    <component name="SubscriptionMsgBaseFactory" type="subscriptionmsgbasefactory" phase="0" />
    <component name="FileAgeOut" type="fileageout" phase="0" />
    <component name="EventManager" type="EventManager" phase="0">
      <dependency name="EventLogger" />
      <dependency name="smfeventlogger" />
      <dependency name="OciEventLogger" />
    </component>
    <component name="EventInfoRepository" type="EventInfoRepository" phase="0" />
    <component name="OciEventInfoRepository" type="OciEventInfoRepository" phase="0" />
    <component name="EventLogger" type="EventLogger" phase="0" />
    <component name="OciEventLogger" type="OciEventLogger" phase="0" />
    <component name="ControlBus" type="controlbus" phase="1">
      <dependency type="BasicThread" />
    </component>
    <component name="DiskSpaceMonitor" type="DiskSpaceMonitor" phase="2">
      <dependency name="ControlBus" />
    </component>
    <component name="TimestampProcessor" type="timestampprocessor" phase="1" />
    <component name="NetworkCardCarrierSense" type="NetworkInformation" phase="1" />
    <!--VAH DataService-->
    <component name="ItemEventFactory" type="ItemEventFactory" phase="1" />
    <component name="ItemCmdEventFactory" type="ItemCmdEventFactory" phase="1" />
    <component name="smfeventlogger" type="smfeventlogger" phase="0">
      <dependency name="SMFThread" />
    </component>
    <component name="smfhealth" type="smfhealth" phase="0">
      <dependency name="SMFThread" />
    </component>
    <component name="smfpartitionmanager" type="smfpartitionmanager" phase="0">
      <dependency name="SMFThread" />
    </component>
    <component name="IPLTransport" type="IPLTransport" phase="1">
      <dependency name="FactoryManager" />
      <dependency name="DatagramFrameFactory" />
    </component>
    <component name="SerializableBufferFactory" type="SerializableBufferFactory" phase="1" />
    <component name="FactoryManager" type="FactoryManager" phase="1">
      <dependency name="PropertyFactory" />
      <dependency name="ControlMessageFactory" />
      <dependency name="SerializableBufferFactory" />
    </component>
    <component name="TRWF2CapsuleToDatagramA" type="trwf2capsuletomtpframepacker" phase="1" />
    <component name="TRWF2CapsuleToDatagramB" type="trwf2capsuletomtpframepacker" phase="1" />
    <component name="IPL1DGOut" type="DatagramSender" phase="1" />
    <component name="IPL2DGOut" type="DatagramSender" phase="1" />
    <component name="IPL1DGIn" type="DatagramReceiver" phase="1">
      <dependency name="DatagramFrameFactory" />
      <dependency name="IPLThread" />
    </component>
    <component name="IPL2DGIn" type="DatagramReceiver" phase="1">
      <dependency name="DatagramFrameFactory" />
      <dependency name="IPLThread" />
    </component>
    <component name="IPLDaemon" type="IPLDaemon" phase="1">
      <dependency name="SerializableBufferFactory" />
      <dependency name="IPLTransport" />
      <dependency name="smfpartitionmanager" />
    </component>
    <component name="SCWManager" type="SCWManager" phase="5">
      <dependency name="SCW" />
    </component>
  </components>
  <threads>
    <thread name="AppInfrastructureThread" type="BasicThread" phase="1" threadaffinity="252" />
    <thread name="ManageChannelsThread" type="BasicThread" phase="1" threadaffinity="252" />
    <thread name="SMFThread" type="BasicThread" phase="1" threadaffinity="252" />
    <thread name="SCWThread" type="BasicThread" phase="1" />
    <thread name="IPLThread" type="BasicThread" phase="1" />
    <thread name="IPLDaemonThread" type="BasicThread" phase="1" />
    <thread name="ControlBusThread" type="BasicThread" phase="1" threadaffinity="252" />
    <thread name="VAEMgrThread" type="BasicThread" phase="1" />
  </threads>
  <configurationfiles>
    <file name="..\Config\VAHConfig.xml" version="1.0" />
  </configurationfiles>
  <GlobalDependencies>
    <component name="MemoryFactory" />
    <component name="StatisticsFactory" />
    <component name="DatagramFrameFactory" />
    <component name="ControlMessageFactory" />
    <component name="TimestampFactory" />
    <component name="EventInfoRepository" />
    <component name="OciEventInfoRepository" />
    <component name="TRWF2CapsuleFactory" />
    <component name="RsslConnector" />
    <component name="SubscriptionMsgBaseFactory" />
    <component name="threadprofilemanager" />
  </GlobalDependencies>
  <structurefiles>
    <file name="..\Config\InputHandlerStruct.xml" version="1.0" />
    <file name="..\Config\OutputHandlerStruct.xml" version="1.0" />
    <file name="..\Config\SharedVADStruct.xml" version="1.0" />
    <file name="..\Config\PartitionStruct.xml" version="1.0" NumberInstances="1" />
  </structurefiles>
  <signals>
    <signal name="channelssignal" type="CoarseTimerSignal" time="10" phase="10" thread="ManageChannelsThread">
      <sink component="ChannelManager" sinkname="processchannelssink" />
    </signal>
    <!--Signals for RT TRWF2CapsuleToDatagram-->
    <signal name="checkdiskspacesignal" type="CoarseTimerSignal" phase="1" time="1000" triggeringcomponent="DiskSpaceMonitor" thread="AppInfrastructureThread">
      <sink component="DiskSpaceMonitor" sinkname="checkdiskspacesink" />
    </signal>
    <signal name="StatisticsGatheringSignal" type="CoarseTimerSignal" phase="1" time="1000" thread="AppInfrastructureThread">
      <sink component="StatisticsFactory" sinkname="BeginPublishStatsSink" />
    </signal>
    <signal name="EventUpdateSignal" type="CoarseTimerSignal" phase="1" time="1000" thread="AppInfrastructureThread">
      <sink component="OciEventLogger" sinkname="eventtimersink" />
      <sink component="EventLogger" sinkname="EventTimerSink" />
      <sink component="FileAgeOut" sinkname="ageouttimersink" />
    </signal>
    <signal name="checknetworkconnectionsignal" type="CoarseTimerSignal" phase="1" time="10000" triggeringcomponent="NetworkCardCarrierSense" thread="AppInfrastructureThread">
      <sink component="NetworkCardCarrierSense" sinkname="CheckNetworkConnectionSink" />
    </signal>
    <signal name="heartbeatsignal" type="CoarseTimerSignal" phase="1" time="1000" triggeringcomponent="smfhealth" thread="smfthread">
      <sink component="smfhealth" sinkname="heartbeatsink" />
    </signal>
    <signal name="SCWSignal" type="CoarseTimerSignal" phase="2" time="1000" thread="SCWThread">
      <sink component="SCW" sinkname="scwtimersink" />
    </signal>
    <signal name="OCITimeOutSignal" type="CoarseTimerSignal" phase="2" time="3000" thread="VAEMgrThread">
      <sink component="VAEManager" sinkname="ocitimeoutmonitorsink" />
    </signal>
    <signal name="readysignal" type="Signal" phase="1" triggeringcomponent="SCWManager" thread="SCWThread">
      <sink component="SCW" sinkname="scwreadysink" />
    </signal>
    <signal name="golivesignal" type="Signal" phase="1" triggeringcomponent="SCW" thread="SCWThread">
      <sink component="SCW" sinkname="scwgolivesink" />
    </signal>
    <signal name="gostandbysignal" type="Signal" phase="1" triggeringcomponent="SCW" thread="SCWThread">
      <sink component="SCW" sinkname="scwgostandbysink" />
    </signal>
    <!--Signals for IPL-->
    <signal name="recoverytimestamptimer" type="CoarseTimerSignal" phase="1" time="5000" thread="ipldaemonthread">
      <sink component="ipldaemon" sinkname="saverecoverytime" />
    </signal>
    <signal name="statechecktimer" type="CoarseTimerSignal" phase="1" time="1000" thread="ipldaemonthread">
      <sink component="ipldaemon" sinkname="statechecktimersink" />
    </signal>
    <!-- DG Receiver signals -->
    <signal name="ActivateSignal" type="Signal" phase="1" triggeringcomponent="IPL1DGIn" thread="IPLThread">
      <sink component="IPL1DGIn" sinkname="ActivateSink" />
    </signal>
    <signal name="DeactivateSignal" type="Signal" phase="1" triggeringcomponent="IPL1DGIn" thread="IPLThread">
      <sink component="IPL1DGIn" sinkname="DeactivateSink" />
    </signal>
    <signal name="ActivateSignal" type="Signal" phase="1" triggeringcomponent="IPL2DGIn" thread="IPLThread">
      <sink component="IPL2DGIn" sinkname="ActivateSink" />
    </signal>
    <signal name="DeactivateSignal" type="Signal" phase="1" triggeringcomponent="IPL2DGIn" thread="IPLThread">
      <sink component="IPL2DGIn" sinkname="DeactivateSink" />
    </signal>
    <signal name="ReadData" type="Signal" phase="1" triggeringcomponent="IPL1DGIn" thread="IPLThread">
      <sink component="IPL1DGIn" sinkname="readdatasink" />
    </signal>
    <signal name="ReadData" type="Signal" phase="1" triggeringcomponent="IPL2DGIn" thread="IPLThread">
      <sink component="IPL2DGIn" sinkname="readdatasink" />
    </signal>
    <!--DG Sender signals -->
    <signal name="TimeTickSignal" type="CoarseTimerSignal" phase="1" time="100" thread="IPLDaemonThread">
      <sink component="TRWF2CapsuleToDatagramA" sinkname="timerticksink" />
      <sink component="TRWF2CapsuleToDatagramB" sinkname="timerticksink" />
    </signal>
    <signal name="ARPRefreshTickSignal" type="CoarseTimerSignal" phase="1" time="200" thread="IPLDaemonThread">
      <sink component="IPL1DGOut" sinkname="ARPRefreshTick" />
    </signal>
    <signal name="deactivatesignal" type="Signal" phase="1" triggeringcomponent="IPL1DGOut" thread="IPLDaemonThread">
      <sink component="IPL1DGOut" sinkname="deactivatesink" />
    </signal>
    <signal name="ARPRefreshTickSignal" type="CoarseTimerSignal" phase="1" time="1000" triggeringcomponent="IPL2DGOut" thread="IPLDaemonThread">
      <sink component="IPL2DGOut" sinkname="ARPRefreshTick" />
    </signal>
    <signal name="deactivatesignal" type="Signal" phase="1" triggeringcomponent="IPL2DGOut" thread="IPLDaemonThread">
      <sink component="IPL2DGOut" sinkname="deactivatesink" />
    </signal>
    <signal name="PartitionHealthCheckSignal" type="CoarseTimerSignal" phase="2" time="1000" thread="VAEMgrThread">
      <sink component="VAEManager" sinkname="partitionhealthmonitorsink" />
    </signal>
    <signal name="providerstatuspublishsignal" type="CoarseTimerSignal" phase="2" time="1000" triggeringcomponent="VAEManager" thread="VAEMgrThread">
      <sink component="VAEManager" sinkname="providerstatuspublishsink" />
    </signal>
  </signals>
  <connections>
    <connectionex from="::EventOutgoingSource" viachannel="LoggerChannel" thread="AppInfrastructureThread" to="EventManager::ReceiveEventSink" />
    <connectionex from="::ControlBusSource" viachannel="ControlBusChannel" thread="ControlBusThread" to="ControlBus::controlbussink" />
    <!--Connections for IPL-->
    <connectionex from="IPL1DGIn::OutSource" viachannel="ReceiveFrameChannel" thread="IPLDaemonThread" to="DatagramToTRWF2Capsule::receiveframesink" />
    <connectionex from="IPL2DGIn::OutSource" viachannel="ReceiveFrameChannel" thread="IPLDaemonThread" to="DatagramToTRWF2Capsule::receiveframesink" />
    <connectionex from="DatagramToTRWF2Capsule::outgoingtrwf2messagesource" viachannel="" to="IPLDaemon::IncomingSink" />
    <connectionex from="IPLDaemon::outgoingsourcea" viachannel="" to="TRWF2CapsuleToDatagramA::IncomingDataSink" />
    <connectionex from="TRWF2CapsuleToDatagramA::outgoingdatasource" viachannel="" to="IPL1DGOut::IncomingDataSink" />
    <connectionex from="IPLDaemon::outgoingsourceb" viachannel="" to="TRWF2CapsuleToDatagramB::IncomingDataSink" />
    <connectionex from="TRWF2CapsuleToDatagramB::outgoingdatasource" viachannel="" to="IPL2DGOut::IncomingDataSink" />
  </connections>
</document>