﻿<?xml version="1.0" encoding="utf-8"?>
<document case="lower" version="1.0">
  <ControlBus AutoConnect="true" ThreadContext="ControlBusThread">
    <TargetThreadContexts>
      <Item Component="ItemDumper__instance__" Thread="PartitionThread__instance__" />
      <!--comments:depended on how many partitions loaded-->
      <Item Component="PartitionCore__instance__" Thread="PartitionThread__instance__" />
      <Item Component="CacheProcessor__instance__" Thread="PartitionThread__instance__" />
      <Item Component="OutputConflater__instance__" Thread="PartitionThread__instance__" />
    </TargetThreadContexts>
  </ControlBus>
  <ChannelManager>
    <Item Channel="SSRtoDataService__instance__" Mode="average" EnableAt="200" GrowAtEvery="10" BackoffSignalBase="2" BackoffSignalGrow="1" BackOffSignalMax="25" SamplePeriodInTicks="50" />
    <Item Channel="VadToLD__instance__" Mode="average" EnableAt="200" GrowAtEvery="10" BackoffSignalBase="2" BackoffSignalGrow="1" BackOffSignalMax="25" SamplePeriodInTicks="50" />
    <Item Channel="DataServcietoSSR__instance__" Mode="average" EnableAt="200" GrowAtEvery="10" BackoffSignalBase="2" BackoffSignalGrow="1" BackOffSignalMax="25" SamplePeriodInTicks="50" />
    <Item Channel="VADtoIPL___instance__" Mode="average" EnableAt="200" GrowAtEvery="10" BackoffSignalBase="2" BackoffSignalGrow="1" BackOffSignalMax="25" SamplePeriodInTicks="50" />
    <Item Channel="IPLtoVAD___instance__" Mode="average" EnableAt="200" GrowAtEvery="10" BackoffSignalBase="2" BackoffSignalGrow="1" BackOffSignalMax="25" SamplePeriodInTicks="50" />
  </ChannelManager>
  <DictionaryService__instance__ publicfieldfile="D:\ThomsonReuters\Config\TRWF2.dat" publicenumfile="D:\ThomsonReuters\Config\AppendixB.dat" />
  <ConfigurationService__instance__ pluginconfigpath="D:\ThomsonReuters\VAA\vae0\partitioncore__instance__\#{plugin_name}\conf" plugintempconfigpath="D:\ThomsonReuters\VAA\vae0\partitioncore__instance__\#{plugin_name}\conf_temp" pluginhomedir="D:\ThomsonReuters\VAA" masterconfigname="masterconfig.xml" masterconfigmask="17256" partitionitemname="vah.partition.config" serviceid="100" constitnum="2" configitemnametype="1" initialpluginname="" />
  <!--resetlogtime format(local time): hh:mm:ss   filesplitsizelimit: Bytes-->
  <LoggerService__instance__ pluginlogdir="D:\ThomsonReuters\VAA\vae0\partitioncore__instance__\#{plugin_name}\log" resetlogtime="23:59:59" filesplitsizelimit="1048576" />
  <CacheProcessor__instance__ sharedcache="false" cacheoutputdir="..\Data\VAD\VAD__instance__\Output\" collatecpuutilization="false" disablecacheapi="false" raiseeventonageout="true" raiseeventonsqueezeout="true" maxencodedmessagesize="11496" autopersistenceaffinity="true" persistencethreadaffinity="2" maximumcacheditems="1600000" squeezeoutthreshold="" unsolresponselatencypath="128" updatelatencypath="256" itemstatuslatencypath="384" groupstatuslatencypath="512" requestresponselatencypath="640" persistenceenabled="true" ageoutenabled="false" squeezeoutenabled="false" persistencedirectory="..\Data\VAD\VAD__instance__\Persistence\" persistencebackupdirectory="..\Data\VAD\VAD__instance__\PersistenceBackup\" persistenceusewritethrough="false" persistenceuseunbufferedio="false" persistenceoverlappedinuse="64" nopayloadpersistence="false" trwfdictionaryshared="D:\ThomsonReuters\Config\TRWF2.dat" trwfdictionary="D:\ThomsonReuters\Config\TRWF2.dat" privatedictionary="D:\ThomsonReuters\VAA\vae0\partitioncore__instance__\#{plugin_name}\conf\templates\fieldfile.dat" vaddictionary="..\Data\VAD\VAD__instance__\Persistence\VADTRWF2.DAT" ageoutdaysforinputitem="14" ageoutdaysforinternalitem="182" ageoutdaysforoutputitem="182" ageouttime="23:30:00" senddropmsginageout="false" maxmatchednumreturn="1000" offlinereportdirectory="D:\ThomsonReuters\VAH\data\journalfile\partition__instance__\" manglestate="0" manglepe="0" manglepemask="0" manglepedata="0" outputtimestampbackoffbase="10000" raiseerrorevent="true" setid="30" disableautosync="true" />
  <DataService__instance__ id="__instance__" latencypathnumber="64" outputserviceid="0" internalserviceid="100" housekeepingtime="23:55@smf/vae0/housekeepingtime" housekeepingrecurrenttime="24:00">
    <inputservice>
      <item serviceid="257" maxretrycount="200" retryinterval="1200" timeoutinterval="3000" />
      <!--interval unit is second-->
      <item serviceid="300" maxretrycount="200" retryinterval="1200" timeoutinterval="3000" />
      <item serviceid="400" maxretrycount="200" retryinterval="1200" timeoutinterval="3000" />
    </inputservice>
  </DataService__instance__>
  <OutputConflater__instance__ id="__instance__" configfile="D:\ThomsonReuters\VAA\vae0\partitioncore__instance__\#{plugin_name}\conf\Throttles.xml" backoffsignalbase="10" threadsafe="false" housekeepingtime="23:55@smf/vae0/housekeepingtime" housekeepingrecurrenttime="24:00" backlogperiod="2" />
  <ItemDumper__instance__ id="__instance__" journaldirectory="..\Data\JournalFile\Partition__instance__\" />
  <CalendarService__instance__ file="..\Config\Holiday.xml" checkinginterval="1" tradingtimetolerance="0" autosynctime="00:00" enableqqpage="true" qqpageentry="SUV_TimeOffset" qqpagehead="QREQ" />
  <PartitionCore__instance__ partitionid="__instance__" maximumpluginmemory="0" pluginmemorythreshold="0" cacheditemsthreshold="0" retry="1" retrytimes="3" disablefailedpluginafterswitch="0" housekeepingtime="23:55@smf/vae0/housekeepingtime" housekeepingrecurrenttime="24:00" />
  <SSRtoDataService__instance__ NonLockingBufferSlots="100000" />
  <DataServcietoSSR__instance__ NonLockingBufferSlots="100000" />
  <VadToLD__instance__ NonLockingBufferSlots="100000" />
  <VADtoIPL___instance__ NonLockingBufferSlots="100000" />
  <IPLtoVAD___instance__ NonLockingBufferSlots="100000" />
</document>