<?xml version="1.0" encoding="utf-8"?>
<document>
  <Events>
  
	<!--events for Logger-->
	<Event id="8000501"  severity="Error" enableevent="1" url="none"
		text="%1" operatoraction="">
      <Destination target="log" enableevent ="1"/>
	  <Destination target="smf" enableevent="1"/>
    </Event>
	<Event id="8000502"  severity="Critical" enableevent="1" url="none"
		text="%1" operatoraction="restart vaa">
      <Destination target="log" enableevent ="1"/>
	  <Destination target="smf" enableevent="1"/>
    </Event>

    <!--events for VDI-->
    <Event id="601000"  severity="Error" enableevent="1" url="none"
		text="%1" operatoraction="">
        <Destination target="log" enableevent ="1"/>
        <Destination target="smf" enableevent="1"/>
    </Event>
    <Event id="601001"  severity="Error" enableevent="1" url="none"
		text="%1" operatoraction="">
        <Destination target="log" enableevent ="1"/>
        <Destination target="smf" enableevent="1"/>
    </Event>
    <Event id="601002"  severity="Error" enableevent="1" url="none"
		text="%1" operatoraction="">
        <Destination target="log" enableevent ="1"/>
        <Destination target="smf" enableevent="1"/>
    </Event>
    <Event id="601003"  severity="Error" enableevent="1" url="none"
		text="%1" operatoraction="">
        <Destination target="log" enableevent ="1"/>
        <Destination target="smf" enableevent="1"/>
    </Event>
    <Event id="601004"  severity="Error" enableevent="1" url="none"
		text="%1" operatoraction="">
        <Destination target="log" enableevent ="1"/>
        <Destination target="smf" enableevent="1"/>
    </Event>
    <Event id="601005"  severity="Error" enableevent="1" url="none"
		text="%1" operatoraction="">
        <Destination target="log" enableevent ="1"/>
        <Destination target="smf" enableevent="1"/>
    </Event>

  </Events>
</document>
