﻿<?xml version="1.0" encoding="utf-8"?>


<ServerConfig>

  <!--
  
   Partitions BaseDir: This specifies the base directory for all partitions (including SMF's own partitions).
                        -> SMF expects it's partitions to be located directly in this directory

   Note: the binary partition files must be writeable by the server. 
  -->
  <!-- 
  
  There are three demo partitions located in samples/data directory of the SMF-SDK. For instructions on how-to
  use the sample partitions see samples/data/configuration.xml file.
 
  -->
  <Partitions BaseDir="../data" PercentIncrease="100">
     <Partition Type="param" TransactionTimeout="600" BeginTransactionTimeout="20000" >vae0param</Partition>
	 <Partition Type="stats" TransactionTimeout="600" BeginTransactionTimeout="20000" >vae0stats</Partition>
	 <Partition Type="param" TransactionTimeout="600" BeginTransactionTimeout="20000" >SCW</Partition>
	 <Metadata Location="..\\data\\VAH-Data-Model.xml" Type="xml">SGCschema</Metadata>
  </Partitions>

  <Permission>
	<Registry>
	
	</Registry>
  </Permission>
  
  <!--
  
  Specify the global clear event setting here.
  
  GlobalClearEvent: {SendOnStartupComplete | SendOnMark | Disabled }:
    - SendOnStartupComplete: SMF will send a global clear event after all the applications are started. This is the 
                             default setting if you do not specify.
	- SendOnMark:            SMF will send a global clear event at the marked position. Please refer to the
                             GlobalClearEventMark section in the Applications tag.
	- Disabled:              SMF will not send global clear event.
  
  -->
  <GMIEvent>
	<GlobalClearEvent>SendOnMark</GlobalClearEvent>
  </GMIEvent>

  
  <Applications>
  
	<GlobalClearEventMark/>
  
    <Application Monitor="false">
      <Name>GMIHealthCheckConfigGenerator</Name>
      
      <Startup Image="..\Peripherals\ConfigGenerator.exe" >
        <Arguments> -c ..\data\smf-gmihealthcheck.xml   -e EXIT_GMIHealthCheckCfgGen -t GMIHealthCheck -l ..\log\ConfigGenerator.log -r READY_ConfigGenerator</Arguments>
        <Event Timeout="3">READY_ConfigGenerator</Event>
      </Startup>
  
    </Application>
    
    <Application Monitor="false">
      <Name>McAfeeFrameworkServiceScheduler</Name>
      
      <Startup Image="..\Peripherals\McAfeeRestartScheduler.exe" >
        <Arguments> -c ..\data\smf-mcafee.xml -l ..\log\McAfeeRestartScheduler.log -r READY_McAfeeRestartScheduler</Arguments>
        <Event Timeout="15">READY_McAfeeRestartScheduler</Event>
      </Startup>
  
    </Application>
    

    <Application Monitor="true">
      <Name>EventLogAdaptor</Name>
      
      <Startup Image="..\Peripherals\EventLogAdaptor.exe" >
        <Arguments> -config ..\data\smf-logadaptor.xml   -e EXIT_EventLogAdaptor -log ..\log\EventLogAdaptor.log </Arguments>
      </Startup>
      
      <Shutdown>
        <Event>EXIT_EventLogAdaptor</Event>
      </Shutdown>
    </Application>



    <Application Monitor="true">
      <Name>SmfStatsCollector</Name>
      
      <Startup Image="..\Peripherals\SmfStatsCollector.exe" >
	<Arguments> -c ..\data\smf-statscollector.xml -e EXIT_SmfStatsCollector -r READY_SmfStatsCollector -l ..\Log\AppStat.log -p D:\ThomsonReuters\capacitydata</Arguments>
	<Event Timeout="2">READY_SmfStatsCollector</Event>
      </Startup>
      
      <Shutdown>
        <Event>EXIT_SmfStatsCollector</Event>
      </Shutdown>
      
    </Application>  



    <Application Monitor="true">
      <Name>ParameterMonitor</Name>
      
      <Startup Image="..\Peripherals\ParameterMonitor.exe" >
        <Arguments> -config ..\data\smf-parametermonitor.xml   -e EXIT_ParameterMonitor -log ..\log\ParameterMonitor.log </Arguments>
      </Startup>
      
      <Shutdown>
        <Event>EXIT_ParameterMonitor</Event>
      </Shutdown>
    </Application>


    <Application Monitor="true">
      <Name>ProcessMonitor</Name>
      
      <Startup Image="..\Peripherals\ProcessMonitor.exe" >
        <Arguments> -e EXIT_ProcessMonitor -log ..\log\ProcessMonitor.log -config ..\data\peripherals\smf-processmonitor.xml -processlist ..\data\smf-processlist-config.xml </Arguments>
      </Startup>
      
      <Shutdown>
        <Event>EXIT_ProcessMonitor</Event>
      </Shutdown>
    </Application>
	
	<!--By default, the NTP will allow to step.  The syncClock will be disabled
	<Application Monitor="false">
		<Name>SyncClock</Name>

		<Startup Image="..\Peripherals\SyncClock.exe" >
			<Arguments>-o 60000 -log ..\log\SyncClock.log -termevt END_SYNCCLOCK -readyevt SYNCCLOCK_READY -ntp_path ..\peripherals -port 8603</Arguments>
			<Event Timeout="65">SYNCCLOCK_READY</Event>
		</Startup>

		<Shutdown>
			<Event>END_SYNCCLOCK</Event>
		</Shutdown>
	</Application>
	-->

     <!--Start the NTP sevrice-->

    <Application Monitor="true">
		<Name>NTP Launcher</Name>
		<Startup Image="..\Peripherals\NTPStarter.exe" >
			<Arguments>-stopNTP -log ..\log\NTPStarter.log -e END_NTPSTARTER</Arguments>
		</Startup>

		<Shutdown>
			<Event>END_NTPSTARTER</Event>
		</Shutdown>
    </Application>

    <Application Monitor="true">
		<Name>HealthMonitor</Name>
		<Startup Image="..\Peripherals\HealthMonitor.exe" >
			<Arguments>-e EXIT_HEALTHMONITOR -c ..\data\smf-healthmonitor.xml -l ..\log\HealthMonitor.log</Arguments>
		</Startup>

		<Shutdown>
			<Event>EXIT_HEALTHMONITOR</Event>
		</Shutdown>
    </Application>


    <!--
    Specify your applications here.
    
    They will be started in the order they appear.
	
	You can also specify the GlobalClearEventMark here. Please refer to the GlobalClearEvent section in GMIEvent tag.
    
    Monitor: {true | false}: 
        - if this is false SMF will *not* monitor this application. This is useful if you have an application
          that you want to run once at startup
        - if this is true SMF will restart this application if it exits. 
        Note: SMF will not attempt to restart an application that failed to start on the first attempt
        
    Name: logging name
    
    Image: The executable file. This can be a full or relative path. If a relative path is given it
            should be relative to the SMF bin directory
            
    Arguments: The arguments SMF will pass to your application when it tries to start it.
    
    Startup Event: An event that your application will signal when it has finished initialising
    
    Shutdown Event: An event that your application will check to tell it to shut down
    
    Shutdown Command: A command that SMF will try to run to tell your application to stop

    RestartSettings: Per-application settings for restart events and limiting the number of restarts
  -->

  <!-- SCW -->
	<Application Monitor="true" Critical="true">
      <Name>SCWAdapter</Name>

      <WorkingDirectory>
        <Path>D:\ThomsonReuters\SCW\logs</Path>
      </WorkingDirectory>
      
      <Startup Image="D:\ThomsonReuters\SCW\bin\SCWAdapter.exe">
        <Arguments>-c D:\ThomsonReuters\SCW\etc\scw_adapter.dat</Arguments>
        <Event Timeout="30">SCWA_Ready</Event>
      </Startup>

      <Shutdown>
        <Event>SCWA_Stop</Event>
        <Command> </Command>
      </Shutdown>

    </Application>
    
    <Application Monitor="true" Critical="true">
      <Name>vae0</Name>

      <Startup Image="D:\ThomsonReuters\VAH\QF\WinLauncher.exe">
        <Arguments>-f vae0</Arguments>
        <Event Timeout="30">StartupEvent</Event>
      </Startup>
      <Shutdown>
        <Event>ShutdownEvent</Event>
        <Command> </Command>
      </Shutdown>
 
    </Application>

	<Application Monitor="true" Critical="true">
      <Name>StatsCollator</Name>

      <Startup Image="D:\ThomsonReuters\VAH\QF\QuantumStatsCollator.exe">
        <Arguments>-f statscollator</Arguments>
        <Event Timeout="30">statscollatorStartupEvent</Event>
      </Startup>

      <Shutdown>
        <Event>statscollatorShutdownEvent</Event>
        <Command> </Command>
      </Shutdown>

    </Application>

  </Applications>

  <FtrService>
    <!-- the temporary directory that the Ftr service will store files to -->
    <TemporaryDirectory>..\data\ftr</TemporaryDirectory>

    <!-- maximum chunk size that the Ftr service will send -->
    <MaxChunkSize>500000</MaxChunkSize>

    <!-- the root directory mapping when client puts/gets files -->
    <RootDirectory Name="log">..\log</RootDirectory>
    <RootDirectory Name="vahftp">D:\ThomsonReuters</RootDirectory>
	
	<RootDirectory Name="VAH__Logs_Crashdumps">D:\ThomsonReuters\VAH\logs\crashdumps</RootDirectory>
	<RootDirectory Name="VAH__Logs_Stats">D:\ThomsonReuters\VAH\logs\stats</RootDirectory>
	<RootDirectory Name="VAH__Logs_Events">D:\ThomsonReuters\VAH\logs\events</RootDirectory>
	
	<!-- archive -->
	<RootDirectory Name="VAH_Archive">D:\VadArchiveCompressedFiles</RootDirectory>
	
	<!-- journal dumps -->
	<RootDirectory Name="VAH_Journal_Partition0">D:\ThomsonReuters\VAH\data\journalfile\partition0</RootDirectory>
	<RootDirectory Name="VAH_Journal_Partition1">D:\ThomsonReuters\VAH\data\journalfile\partition1</RootDirectory>
	<RootDirectory Name="VAH_Journal_Partition2">D:\ThomsonReuters\VAH\data\journalfile\partition2</RootDirectory>
	<RootDirectory Name="VAH_Journal_Partition3">D:\ThomsonReuters\VAH\data\journalfile\partition3</RootDirectory>
	<RootDirectory Name="VAH_Journal_Partition4">D:\ThomsonReuters\VAH\data\journalfile\partition4</RootDirectory>
	<RootDirectory Name="VAH_Journal_Partition5">D:\ThomsonReuters\VAH\data\journalfile\partition5</RootDirectory>
	<RootDirectory Name="VAH_Journal_Partition6">D:\ThomsonReuters\VAH\data\journalfile\partition6</RootDirectory>
	<RootDirectory Name="VAH_Journal_Partition7">D:\ThomsonReuters\VAH\data\journalfile\partition7</RootDirectory>
	<RootDirectory Name="VAH_Journal_SharedVAD">D:\ThomsonReuters\VAH\data\journalfile\sharedvad</RootDirectory>
	<!-- vad -->
	<RootDirectory Name="VAH_Persistence_VAD0">D:\ThomsonReuters\VAH\data\vad\vad0\persistence</RootDirectory>
	<RootDirectory Name="VAH_Persistence_VAD1">D:\ThomsonReuters\VAH\data\vad\vad1\persistence</RootDirectory>
	<RootDirectory Name="VAH_Persistence_VAD2">D:\ThomsonReuters\VAH\data\vad\vad2\persistence</RootDirectory>
	<RootDirectory Name="VAH_Persistence_VAD3">D:\ThomsonReuters\VAH\data\vad\vad3\persistence</RootDirectory>
	<RootDirectory Name="VAH_Persistence_VAD4">D:\ThomsonReuters\VAH\data\vad\vad4\persistence</RootDirectory>
	<RootDirectory Name="VAH_Persistence_VAD5">D:\ThomsonReuters\VAH\data\vad\vad5\persistence</RootDirectory>
	<RootDirectory Name="VAH_Persistence_VAD6">D:\ThomsonReuters\VAH\data\vad\vad6\persistence</RootDirectory>
	<RootDirectory Name="VAH_Persistence_VAD7">D:\ThomsonReuters\VAH\data\vad\vad7\persistence</RootDirectory>
	<RootDirectory Name="VAH_Persistence_SharedVAD">D:\ThomsonReuters\VAH\data\vad\sharedvad\persistence</RootDirectory>
  </FtrService>
  
  <LogHistory>
    <Replay>      
      <MaxNumberOfMessages>300</MaxNumberOfMessages>
      <MaxMessageAgeInSeconds>3600</MaxMessageAgeInSeconds>
    </Replay>
  </LogHistory>

  <Server>
    
    <!--the port that the SMF server will listen on-->
    <Port>8603</Port>
    
    <!-- a timeout for receiving or sending a chunk of data -->
    <ConnectionTimeout>15000</ConnectionTimeout>
    
    <!-- the TCP timeout for detecting dead connections -->
    <TCPTimeout>60000</TCPTimeout>
    
    <!-- maximum number of connections the server will allow -->
    <MaxConnections>60</MaxConnections>
    
    <!-- maximum number of remote connections the server will allow -->
    <MaxExternalConnections>50</MaxExternalConnections>
  
    <DefaultMessageSize>1000</DefaultMessageSize>
    <AllocationLimit>8000000</AllocationLimit>
    <QueueSizes>5000</QueueSizes>
    <PoolSizes>1000</PoolSizes>
    
  </Server>
  
  <!-- Global Configuration of Restart Events -->
  <GlobalApplicationRestartSetting>
    <ApplicationRestartEventSetting>
        <EventSetting GMISeverity="WARNING" SendToGMI="true" />
      <ThrottleDelay>21600</ThrottleDelay>
      <ClearEventDelay>600</ClearEventDelay>
      <Rules>
        <Rule>
          <IsCritical>true</IsCritical>
        </Rule>
        <Rule>
          <RestartCount>3</RestartCount>
          <RestartTime>120</RestartTime>
        </Rule>
      </Rules>
      <Excludes>
      </Excludes>
    </ApplicationRestartEventSetting>  
    <ApplicationRestartLimitExceededSetting>
        <EventSetting GMISeverity="WARNING" SendToGMI="true" />
    </ApplicationRestartLimitExceededSetting>
  </GlobalApplicationRestartSetting>
  
</ServerConfig>
