<?xml version="1.0" encoding="ISO-8859-1"?>

<ddn>
        <version TEXT="1.09">
                <major>1</major>
                <minor>9</minor>
        </version>
        <date>15/04/2011</date>

        <!-- Available Resources. Each server with DDN addresses -->
        <servers>
                <xi:include href="ddnServers.xml"/>
        </servers>

        <multAddrs>
                <!-- Port number enumeration -->
                <port ID="MReqPort1">9000</port>
                <port ID="MReqPort2">9001</port>
                <port ID="MReqPort3">9002</port>
                <port ID="MReqPort4">9003</port>
                <port ID="MReqPort5">9004</port>

                <!-- DSCP number enumeration -->
                <dscp ID="Local">39</dscp>
                <dscp ID="Regional">51</dscp>
                <dscp ID="WestGlobal">49</dscp>
                <dscp ID="InterAreaToAsia">63</dscp>
                <dscp ID="GlobalT2">63</dscp>
                <dscp ID="Global">50</dscp>
                <dscp ID="Dev">7</dscp>

             <multAddr TAG="REQ_NAS_TTV_L1" ADDR="232.2.9.1" PORT="MReqPort1" DSCP="Global"></multAddr>
             <multAddr TAG="REQ_NAS_TTV_L2P1" ADDR="232.2.9.2" PORT="MReqPort1" DSCP="Global"></multAddr>
             <multAddr TAG="REQ_NAS_TTV_L2P2" ADDR="232.2.9.3" PORT="MReqPort1" DSCP="Global"></multAddr>
        </multAddrs>
<!-- constituents to be used within this file -->
        <constituents>
                <constituent ID="INTERNAL">0</constituent>
                <constituent ID="MASTER">1</constituent>
        </constituents>
<!-- Main label definitions -->
        <labelTable>
<!-- -->
<!-- NASDAQ TTV - ITCH venue L1 definitions -->
             <label ID="10">
                 <source>-</source>
                 <destination>GLOBAL</destination>
                 <multTag>REQ_NAS_TTV_L1</multTag>
                 <consumer>-</consumer>
                 <spsList>-</spsList>
                 <provider NAME="MCRS_10">
                     <type>MCRS</type>
                     <SrcID>-</SrcID>
                     <constituents>-</constituents>
                     <sps>-</sps>
                     <inst ID="A">HDCP-DDNMMCR01A-1</inst>
                     <inst ID="B">HDCP-DDNMMCR01B-1</inst>
                     <inst ID="C">NTCP-DDNMMCR01A-1</inst>
                     <inst ID="D">NTCP-DDNMMCR01B-1</inst>
                     <inst ID="E">UK1P-DDNMMCR01A-1</inst>
                     <inst ID="F">UK1P-DDNMMCR01B-1</inst>
                     <inst ID="G">UK2P-DDNMMCR01A-1</inst>
                     <inst ID="H">UK2P-DDNMMCR01B-1</inst>
                     <inst ID="I">SG1P-DDNMMCR01A-1</inst>
                     <inst ID="J">SG1P-DDNMMCR01B-1</inst>
                     <inst ID="K">HK1P-DDNMMCR01A-1</inst>
                     <inst ID="L">HK1P-DDNMMCR01B-1</inst>
                 </provider>
             </label>
<!-- -->
<!-- NASDAQ TTV - ITCH venue L2 [1 of 2] definitions -->
             <label ID="11">
                 <source>-</source>
                 <destination>GLOBAL</destination>
                 <multTag>REQ_NAS_TTV_L2P1</multTag>
                 <consumer>-</consumer>
                 <spsList>-</spsList>
                 <provider NAME="MCRS_11">
                     <type>MCRS</type>
                     <SrcID>-</SrcID>
                     <constituents>-</constituents>
                     <sps>-</sps>
                     <inst ID="A">HDCP-DDNMMCR01A-1</inst>
                     <inst ID="B">HDCP-DDNMMCR01B-1</inst>
                     <inst ID="C">NTCP-DDNMMCR01A-1</inst>
                     <inst ID="D">NTCP-DDNMMCR01B-1</inst>
                     <inst ID="E">UK1P-DDNMMCR01A-1</inst>
                     <inst ID="F">UK1P-DDNMMCR01B-1</inst>
                     <inst ID="G">UK2P-DDNMMCR01A-1</inst>
                     <inst ID="H">UK2P-DDNMMCR01B-1</inst>
                     <inst ID="I">SG1P-DDNMMCR01A-1</inst>
                     <inst ID="J">SG1P-DDNMMCR01B-1</inst>
                     <inst ID="K">HK1P-DDNMMCR01A-1</inst>
                     <inst ID="L">HK1P-DDNMMCR01B-1</inst>
                 </provider>
             </label>
<!-- -->
<!-- NASDAQ TTV - ITCH venue L2 [2 of 2] definitions -->
             <label ID="12">
                 <source>-</source>
                 <destination>GLOBAL</destination>
                 <multTag>REQ_NAS_TTV_L2P2</multTag>
                 <consumer>-</consumer>
                 <spsList>-</spsList>
                 <provider NAME="MCRS_12">
                     <type>MCRS</type>
                     <SrcID>-</SrcID>
                     <constituents>-</constituents>
                     <sps>-</sps>
                     <inst ID="A">HDCP-DDNMMCR01A-1</inst>
                     <inst ID="B">HDCP-DDNMMCR01B-1</inst>
                     <inst ID="C">NTCP-DDNMMCR01A-1</inst>
                     <inst ID="D">NTCP-DDNMMCR01B-1</inst>
                     <inst ID="E">UK1P-DDNMMCR01A-1</inst>
                     <inst ID="F">UK1P-DDNMMCR01B-1</inst>
                     <inst ID="G">UK2P-DDNMMCR01A-1</inst>
                     <inst ID="H">UK2P-DDNMMCR01B-1</inst>
                     <inst ID="I">SG1P-DDNMMCR01A-1</inst>
                     <inst ID="J">SG1P-DDNMMCR01B-1</inst>
                     <inst ID="K">HK1P-DDNMMCR01A-1</inst>
                     <inst ID="L">HK1P-DDNMMCR01B-1</inst>
                 </provider>
             </label>
        </labelTable>
</ddn>
