﻿<?xml version="1.0" encoding="utf-8"?>
<document case="lower" version="1.0">
  <ControlBus AutoConnect="true" ThreadContext="ControlBusThread">
    <TargetThreadContexts>
      <Item Component="ItemDumper" Thread="sharedvadthread" />
      <Item Component="sharedvad" Thread="sharedvadthread" />
      <Item Component="OutputConflater" Thread="VAEMgrThread" />
    </TargetThreadContexts>
  </ControlBus>
  <!--config for DataService's components-->
  <sharedvad sharedcache="true" cacheoutputdir="..\Data\VAD\sharedvad\Output\" collatecpuutilization="false" disablecacheapi="false" raiseeventonageout="true" raiseeventonsqueezeout="true" maxencodedmessagesize="11496" autopersistenceaffinity="true" maximumcacheditems="1600000" squeezeoutthreshold="" unsolresponselatencypath="128" updatelatencypath="256" itemstatuslatencypath="384" groupstatuslatencypath="512" requestresponselatencypath="640" persistenceenabled="true" ageoutenabled="false" squeezeoutenabled="false" persistencedirectory="..\Data\VAD\sharedvad\Persistence\" persistencebackupdirectory="..\Data\VAD\sharedvad\PersistenceBackup\" persistenceusewritethrough="false" persistenceuseunbufferedio="false" persistenceoverlappedinuse="64" nopayloadpersistence="false" trwfdictionaryshared="D:\ThomsonReuters\Config\TRWF2.dat" trwfdictionary="D:\ThomsonReuters\Config\TRWF2.dat" ageoutdaysforinputitem="14" ageoutdaysforinternalitem="182" ageoutdaysforoutputitem="182" ageouttime="23:30:00" senddropmsginageout="false" maxmatchednumreturn="1000" offlinereportdirectory="D:\ThomsonReuters\VAH\data\journalfile\sharedvad\" manglestate="0" manglepe="0" manglepemask="0" manglepedata="0" outputtimestampbackoffbase="10000" raiseerrorevent="true" setid="30" disableautosync="true" />
  <OutputConflater configfile="..\Config\Throttle\sharedvad.xml" backoffsignalbase="10" threadsafe="true" housekeepingtime="23:55@smf/vae0/housekeepingtime" housekeepingrecurrenttime="24:00" backlogperiod="2" />
  <ItemDumper id="0" journaldirectory="..\Data\JournalFile\sharedvad\" />
</document>