﻿<?xml version="1.0" encoding="utf-8"?>
<document case="lower" version="1.0">
  <Global ApplicationName="vae0" RealTimeId="257" GEDAId="300" ReferenceId="400" PartitionNumber="1" sourcelabelfilepath="D:\ThomsonReuters\Config" ActivatedLabelFilePath="D:\ThomsonReuters\VAH\Config\ActivatedLabelFile" BackupLabelFilePath="D:\ThomsonReuters\VAH\Config\BackupLabelFile" ManifestPath="D:\ThomsonReuters\Manifest\Manifest.xml" MainLabelFile="ddnLabels.xml" PublishersLabelFile="ddnPublishers.xml" ReqLabelFile="ddnReqLabels.xml" ServersLabelFile="ddnServers.xml" LabelId="100" ProviderName="VAH" Designation="A" CrashDumpDirectory="..\logs\CrashDumps\" crashdumptype="2" scwdisabled="0" minimaleventtime="60" ddsdsoid="1309" />
  <ChannelManager>
    <Item Channel="RsslReceiverToDSReceiveChn" Mode="average" EnableAt="200" GrowAtEvery="10" BackoffSignalBase="2" BackoffSignalGrow="1" BackOffSignalMax="25" SamplePeriodInTicks="50" />
    <Item Channel="DSToSSRChn" Mode="average" EnableAt="200" GrowAtEvery="10" BackoffSignalBase="2" BackoffSignalGrow="1" BackOffSignalMax="25" SamplePeriodInTicks="50" />
    <Item Channel="SSRToTRWF2BuildChn" Mode="average" EnableAt="200" GrowAtEvery="10" BackoffSignalBase="2" BackoffSignalGrow="1" BackOffSignalMax="25" SamplePeriodInTicks="50" />
    <Item Channel="TRWF2BuildToRsslSenderChn" Mode="average" EnableAt="200" GrowAtEvery="10" BackoffSignalBase="2" BackoffSignalGrow="1" BackOffSignalMax="25" SamplePeriodInTicks="50" />
    <Item Channel="LabelDestinationOutputChannel" Mode="average" EnableAt="200" GrowAtEvery="10" BackoffSignalBase="2" BackoffSignalGrow="1" BackOffSignalMax="25" SamplePeriodInTicks="50" />
    <Item Channel="DatagramSenderAInputChannel" Mode="average" EnableAt="200" GrowAtEvery="10" BackoffSignalBase="2" BackoffSignalGrow="1" BackOffSignalMax="25" SamplePeriodInTicks="50" />
    <Item Channel="DatagramSenderBInputChannel" Mode="average" EnableAt="200" GrowAtEvery="10" BackoffSignalBase="2" BackoffSignalGrow="1" BackOffSignalMax="25" SamplePeriodInTicks="50" />
  </ChannelManager>
  <MemoryService>
    <MemoryPools>
      <Item PoolBlockSize="16" ChainSize="100" InitialChainCount="10" GrowSize="100" OverLoadEntry="10000" OverLoadExit="5000" OverFlowEntry="20000" OverFlowExit="15000" />
      <Item PoolBlockSize="32" ChainSize="100" InitialChainCount="10" GrowSize="100" OverLoadEntry="10000" OverLoadExit="5000" OverFlowEntry="20000" OverFlowExit="15000" />
      <Item PoolBlockSize="64" ChainSize="100" InitialChainCount="10" GrowSize="100" OverLoadEntry="10000" OverLoadExit="5000" OverFlowEntry="20000" OverFlowExit="15000" />
      <Item PoolBlockSize="128" ChainSize="100" InitialChainCount="10" GrowSize="100" OverLoadEntry="10000" OverLoadExit="5000" OverFlowEntry="20000" OverFlowExit="15000" />
      <Item PoolBlockSize="256" ChainSize="100" InitialChainCount="10" GrowSize="100" OverLoadEntry="10000" OverLoadExit="5000" OverFlowEntry="20000" OverFlowExit="15000" />
      <Item PoolBlockSize="512" ChainSize="100" InitialChainCount="10" GrowSize="100" OverLoadEntry="10000" OverLoadExit="5000" OverFlowEntry="20000" OverFlowExit="15000" />
      <Item PoolBlockSize="1024" ChainSize="50" InitialChainCount="10" GrowSize="100" OverLoadEntry="10000" OverLoadExit="5000" OverFlowEntry="20000" OverFlowExit="15000" />
      <Item PoolBlockSize="2048" ChainSize="50" InitialChainCount="10" GrowSize="100" OverLoadEntry="10000" OverLoadExit="5000" OverFlowEntry="20000" OverFlowExit="15000" />
      <Item PoolBlockSize="4096" ChainSize="50" InitialChainCount="10" GrowSize="100" OverLoadEntry="10000" OverLoadExit="5000" OverFlowEntry="20000" OverFlowExit="15000" />
      <Item PoolBlockSize="8192" ChainSize="50" InitialChainCount="10" GrowSize="50" OverLoadEntry="10000" OverLoadExit="5000" OverFlowEntry="20000" OverFlowExit="15000" />
      <Item PoolBlockSize="16384" ChainSize="50" InitialChainCount="5" GrowSize="50" OverLoadEntry="10000" OverLoadExit="5000" OverFlowEntry="20000" OverFlowExit="15000" />
      <Item PoolBlockSize="32768" ChainSize="10" InitialChainCount="5" GrowSize="10" OverLoadEntry="10000" OverLoadExit="5000" OverFlowEntry="20000" OverFlowExit="15000" />
      <Item PoolBlockSize="65536" ChainSize="10" InitialChainCount="5" GrowSize="10" OverLoadEntry="10000" OverLoadExit="5000" OverFlowEntry="20000" OverFlowExit="15000" />
      <Item PoolBlockSize="131072" ChainSize="5" InitialChainCount="1" GrowSize="5" OverLoadEntry="10000" OverLoadExit="5000" OverFlowEntry="20000" OverFlowExit="15000" />
      <Item PoolBlockSize="262144" ChainSize="5" InitialChainCount="1" GrowSize="5" OverLoadEntry="10000" OverLoadExit="5000" OverFlowEntry="20000" OverFlowExit="15000" />
      <Item PoolBlockSize="1048576" ChainSize="5" InitialChainCount="1" GrowSize="5" OverLoadEntry="10000" OverLoadExit="5000" OverFlowEntry="20000" OverFlowExit="15000" />
      <Item PoolBlockSize="2097152" ChainSize="5" InitialChainCount="1" GrowSize="5" OverLoadEntry="10000" OverLoadExit="5000" OverFlowEntry="20000" OverFlowExit="15000" />
      <Item PoolBlockSize="8388608" ChainSize="5" InitialChainCount="1" GrowSize="5" OverLoadEntry="10000" OverLoadExit="5000" OverFlowEntry="20000" OverFlowExit="15000" />
      <Item PoolBlockSize="16777216" ChainSize="5" InitialChainCount="1" GrowSize="5" OverLoadEntry="10000" OverLoadExit="5000" OverFlowEntry="20000" OverFlowExit="15000" />
      <Item PoolBlockSize="33554432" ChainSize="5" InitialChainCount="1" GrowSize="5" OverLoadEntry="10000" OverLoadExit="5000" OverFlowEntry="20000" OverFlowExit="15000" />
    </MemoryPools>
  </MemoryService>
  <TRWF2CapsuleFactory siddictionarysharedlocation="D:/ThomsonReuters/config/SID2.DAT" siddictionary="D:/ThomsonReuters/config/SID2.DAT" />
  <EventInfoRepository EventOverrideFile="..\Config\VAH_EventOverrideFile.xml">
    <Files>
      <Item name="..\Config\Framework Events.xml" />
      <Item name="..\Config\VAHEvents.xml" />
      <Item name="..\Config\VAAEvents.xml" />
    </Files>
  </EventInfoRepository>
  <OciEventInfoRepository>
    <Files>
      <Item name="..\Config\VAHEvents.xml" />
    </Files>
  </OciEventInfoRepository>
  <EventLogger DiscardEventsDueToDiskSpace="true" DiskSpaceId="2" Directory="..\Logs\Events\" HouseKeepingTime="23:55@smf/vae0/housekeepingtime" HouseKeepingRecurrenceTime="24:00" />
  <StatisticsGatherer TimerPeriod="1000" />
  <NetworkCardCarrierSense GroupId="0" RaiseEventOnStatusChange="true" enableadvancedudpstats="true" enableadvancedtcpstats="true" enableadvancedipstats="true">
    <Group>
      <Item CardID="0" NetworkCard="VAH Input" />
      <Item CardID="1" NetworkCard="DDNA" />
      <Item CardID="2" NetworkCard="DDNB" />
      <Item CardID="3" NetworkCard="IPL1" />
      <Item CardID="4" NetworkCard="IPL2" />
      <Item CardID="5" NetworkCard="DB+FM" />
      <Item CardID="6" NetworkCard="MGMT" />
    </Group>
  </NetworkCardCarrierSense>
  <DiskSpaceMonitor>
    <Disks OutputSpaceToStatsLog="false">
      <Item Path="C:" Description="CDrive" UniqueId="1" DiskSpaceFreeEnterMB="100" DiskSpaceFreeLeaveMB="150" HighWaterMarkEnterPerc="80" HighWaterMarkLeavePerc="75" LowWaterMarkEnterPerc="70" LowWaterMarkLeavePerc="65" />
      <Item Path="D:" Description="DDrive" UniqueId="2" DiskSpaceFreeEnterMB="100" DiskSpaceFreeLeaveMB="150" HighWaterMarkEnterPerc="80" HighWaterMarkLeavePerc="75" LowWaterMarkEnterPerc="70" LowWaterMarkLeavePerc="65" />
    </Disks>
  </DiskSpaceMonitor>
  <FactoryManager>
    <Factories>
      <Item FactoryName="PropertyFactory" SupportedObject="IProperty" />
      <Item FactoryName="ControlMessageFactory" SupportedObject="IControlMessage" />
      <Item FactoryName="SerializableBufferFactory" SupportedObject="ISerializableBuffer" />
    </Factories>
  </FactoryManager>
  <smfeventlogger ipaddress="localhost" port="8603" queuesize="100" connectiontimeout="500" freeformatlogentries="false" PredefinedLogFile="..\Config\EventsToSMF.xml" />
  <smfhealth heartbeatdifference="2" />
  <vaemanagersmfreceiver ipaddress="localhost" port="8603" queuesize="100" connectiontimeout="0" />
  <FileAgeOut HouseKeepingTime="23:50@smf/vae0/housekeepingtime" HouseKeepingRecurrenceTime="24:00">
    <Targets>
      <Item Path="..\Logs\" Target="*.*" deletereadonly="false" recursive="true" AgeDays="90" AgeHours="0" AgeMinutes="0" />
      <Item Path="..\..\VAA\" Target="*.log" deletereadonly="false" recursive="true" AgeDays="90" AgeHours="0" AgeMinutes="0" />
      <Item Path="..\..\capacitydata\" Target="*.*" deletereadonly="false" recursive="false" AgeDays="90" AgeHours="0" AgeMinutes="0" />
      <Item Path="..\..\SCW\logs\" Target="*.*" deletereadonly="false" recursive="false" AgeDays="90" AgeHours="0" AgeMinutes="0" />
      <Item Path="..\..\SMF\log\" Target="*.*" deletereadonly="false" recursive="false" AgeDays="90" AgeHours="0" AgeMinutes="0" />
      <Item Path="..\QF\" Target="*.log" deletereadonly="false" recursive="false" AgeDays="90" AgeHours="0" AgeMinutes="0" />
      <Item Path="..\QF\StartupLogs\" Target="*.txt" deletereadonly="false" recursive="false" AgeDays="90" AgeHours="0" AgeMinutes="0" />
      <Item Path="..\data\journalfile\" Target="*.xml" deletereadonly="false" recursive="true" AgeDays="30" AgeHours="0" AgeMinutes="0" />
      <Item Path="..\data\archivetemp\" Target="*.*" deletereadonly="false" recursive="false" AgeDays="7" AgeHours="0" AgeMinutes="0" />
      <Item Path="..\data\Schedule\Logs\" Target="*.*" deletereadonly="false" recursive="true" AgeDays="730" AgeHours="0" AgeMinutes="0" />
      <Item Path="..\data\VDIDumps\" Target="*.*" deletereadonly="false" recursive="true" AgeDays="30" AgeHours="0" AgeMinutes="0" />
    </Targets>
  </FileAgeOut>
  <ControlBus AutoConnect="true" ThreadContext="ControlBusThread">
    <TargetThreadContexts>
      <Item Component="LabelDestination" Thread="TRWF2DatagramDncoderThread" />
      <Item component="IPLDaemon" thread="IPLDaemonThread" />
      <Item component="VAEManager" thread="VAEMgrThread" />
      <Item component="SCWManager" thread="SCWThread" />
    </TargetThreadContexts>
  </ControlBus>
  <OciEventLogger DiscardEventsDueToDiskSpace="true" DiskSpaceId="2" Directory="..\Logs\Events\" HouseKeepingTime="23:55@smf/vae0/housekeepingtime" HouseKeepingRecurrenceTime="24:00" />
  <!--config for DataService's components-->
  <VAEManager dllpath="D:\ThomsonReuters\VAA" vaename="vae0" plugincallbacktimeout="5" plugininitshutdowntimeout="0" enableplugincallbacktimeoutswitch="0" dumpfiletype="1" ocitimeoutthreshold="3" searchbuildresptimeoutthreshold="60" enablesps="1" domain="11" contentdesc="real time" pe="6918" version="0.5" dudtric="dudt" maxmissedheartbeats="5" ddn1_nic_name="DDNA" ddn2_nic_name="DDNB" housekeepingtime="23:55@smf/vae0/housekeepingtime" housekeepingrecurrenttime="24:00" staticmempoolsize="5242880" />
  <scw EntityId="1" SCWIPAddress="127.0.0.1" SCWPort="27010" scwapithreadpriority="1">
    <scwqosdefinitions>
      <qos_threshold id="0" name="InputNC" weight="20" threshold="1" period="0" lessthan="true" trigger="true" />
      <qos_threshold id="1" name="OutputNC" weight="20" threshold="1" period="0" lessthan="true" trigger="true" />
      <qos_threshold id="2" name="EEDLine" weight="20" threshold="1" period="0" lessthan="true" trigger="true" />
      <qos_threshold id="3" name="DBFMNC" weight="20" threshold="1" period="0" lessthan="true" trigger="true" />
      <qos_threshold id="4" name="VAAViability" weight="20" threshold="1" period="0" lessthan="true" trigger="true" />
    </scwqosdefinitions>
  </scw>
  <!-- config for IPL. The offset unit is minute -->
  <DatagramToTRWF2Capsule FrameVersion="0" MessageVersion="0" disablecapsuleinitialisation="false" DecompressMessageName="true" ForceSendIfCompressFailed="false" />
  <TRWF2CapsuleToDatagramA FrameVersionFlag="0" FrameSeqNumLenFlags="2" FrameLineIDLenFlags="4" InitialFrameSeqNum="0" MaxSupportedMessageLen="11696" FlushBufferThreshold="400" MaxFramePayloadSize="1460" BufferLength="13420" BufferCount="8" />
  <TRWF2CapsuleToDatagramB FrameVersionFlag="0" FrameSeqNumLenFlags="2" FrameLineIDLenFlags="4" InitialFrameSeqNum="0" MaxSupportedMessageLen="11696" FlushBufferThreshold="400" MaxFramePayloadSize="1460" BufferLength="13420" BufferCount="8" />
  <IPLDaemon RecoveryRestartTimeOffset="5" MaxRecoveryRestartTimeOffset="43200" MaxIPLFrameRate="10000">
    <IPLCards>
      <Item id="3" />
      <Item id="4" />
    </IPLCards>
  </IPLDaemon>
  <IPL1DGIn ReceiveBufferSize="8192" MaxFramePayloadSize="1460" initialoverlappedcount="10000" overlappedoverloadentry="48000" overlappedoverloadexit="47000" overlappedoverflowentry="50000" overlappedoverflowexit="49000" iothreads="4" multicastloopback="false">
    <ListenTo>
      <Item InterfaceToBindTo="IPL1" PortToBindTo="0" UnicastAddress="10.0.11.222" UnicastPort="5010" />
    </ListenTo>
  </IPL1DGIn>
  <IPL2DGIn ReceiveBufferSize="8192" MaxFramePayloadSize="1460" initialoverlappedcount="10000" overlappedoverloadentry="48000" overlappedoverloadexit="47000" overlappedoverflowentry="50000" overlappedoverflowexit="49000" iothreads="4" multicastloopback="false">
    <ListenTo>
      <Item InterfaceToBindTo="IPL2" PortToBindTo="0" UnicastAddress="10.0.12.222" UnicastPort="5010" />
    </ListenTo>
  </IPL2DGIn>
  <IPL1DGOut sendunaddressedframes="1" SendBufferSize="8192" arpcacherefresh="1" TimeToLive="1" initialoverlappedcount="10000" overlappedoverloadentry="48000" overlappedoverloadexit="47000" overlappedoverflowentry="50000" overlappedoverflowexit="49000" iothreads="4">
    <WriteTo>
      <Item InterfaceToBindTo="IPL1" PortToBindTo="5012" UnicastAddress="10.0.11.222" UnicastPort="5010" />
    </WriteTo>
  </IPL1DGOut>
  <IPL2DGOut sendunaddressedframes="1" SendBufferSize="8192" arpcacherefresh="1" TimeToLive="1" initialoverlappedcount="10000" overlappedoverloadentry="48000" overlappedoverloadexit="47000" overlappedoverflowentry="50000" overlappedoverflowexit="49000" iothreads="4">
    <WriteTo>
      <Item InterfaceToBindTo="IPL2" PortToBindTo="5012" UnicastAddress="10.0.12.222" UnicastPort="5010" />
    </WriteTo>
  </IPL2DGOut>
  <ThreadProfileManager ProfileToUse="1">
    <ProfileGroup Id="1">
      <Profile SystemModel="ProLiant BL460c G7" LogicalCores="12" OS="Windows Server 2008 R2" DefaultAffinity="1" DefaultPriority="0">
        <Item component="VAEMgrThread" ThreadAffinity="2" ThreadPriority="0" />
        <Item component="DatagramSenderThread" ThreadAffinity="2" ThreadPriority="0" />
        <Item component="RsslReceiverThread" ThreadAffinity="128" ThreadPriority="0" />
        <Item component="DynamicServiceThread" ThreadAffinity="256" ThreadPriority="0" />
        <Item component="RouterThread" ThreadAffinity="256" ThreadPriority="0" />
        <Item component="PartitionThread0" ThreadAffinity="4" ThreadPriority="0" />
        <Item component="PartitionThread1" ThreadAffinity="8" ThreadPriority="0" />
        <Item component="PartitionThread2" ThreadAffinity="16" ThreadPriority="0" />
        <Item component="PartitionThread3" ThreadAffinity="32" ThreadPriority="0" />
        <Item component="PartitionThread4" ThreadAffinity="1024" ThreadPriority="0" />
        <Item component="PartitionThread5" ThreadAffinity="2048" ThreadPriority="0" />
        <Item component="PartitionThread6" ThreadAffinity="64" ThreadPriority="0" />
        <Item component="PartitionThread7" ThreadAffinity="512" ThreadPriority="0" />
        <Item component="SCWThread" ThreadAffinity="1" ThreadPriority="1" />
      </Profile>
    </ProfileGroup>
  </ThreadProfileManager>
  <LoggerChannel NonLockingBufferSlots="100000" />
</document>