<?xml version="1.0" encoding="utf-8"?>
<document case="lower" version="1.0">
  <ControlBus AutoConnect="true" ThreadContext="ControlBusThread">
    <TargetThreadContexts>
      <Item Component="OutputManager" Thread="DatagramSenderThread"/>
    </TargetThreadContexts>
  </ControlBus>


  <heartbeatgenerator FrameVersionFlag="0" FrameSeqNumLenFlags="2" />
  
   <DatagramSenderA SendBufferSize="131072" TimeToLive="64" initialoverlappedcount="10000" 
  overlappedoverloadentry="48000" overlappedoverloadexit="47000" overlappedoverflowentry="50000" 
  overlappedoverflowexit="49000" iothreads="4" iothreadaffinity="240">
    <WriteTo>
      <Item InterfaceToBindTo="DDNA" PortToBindTo="7777" multicastaddress="239.232.251.1" multicastport="7780"/>
    </WriteTo>
  </DatagramSenderA>

  <DatagramSenderB SendBufferSize="131072" TimeToLive="64" initialoverlappedcount="10000" 
  overlappedoverloadentry="48000" overlappedoverloadexit="47000" overlappedoverflowentry="50000" 
  overlappedoverflowexit="49000" iothreads="4" iothreadaffinity="240">
    <WriteTo>
      <Item InterfaceToBindTo="DDNB" PortToBindTo="7777" multicastaddress="239.232.251.1" multicastport="7780"/>
    </WriteTo>
  </DatagramSenderB>

  <TRWF2ToDatagramDynamic flushtimetick="500" housekeepingtime="23:55@smf/vae0/housekeepingtime" housekeepingrecurrenttime="24:00">
    <Profiles>
      <item id="1" FrameVersionFlag="0" FrameSeqNumLenFlags="2" FrameLineIDLenFlags="8"
          InitialFrameSeqNum="0" MaxSupportedMessageLen="11696" FlushBufferThreshold="400" LineID="1"
          MaxFramePayloadSize="1460" BufferLength="13420" BufferCount="8"/>
    </Profiles>
  </TRWF2ToDatagramDynamic>

  <LabelDestinationOutputChannel NonLockingBufferSlots="100000"/>
  <DatagramSenderInputChannel NonLockingBufferSlots="100000"/>
  
  <TRWF2Builder
	housekeepingtime="23:55@smf/vae0/housekeepingtime" housekeepingrecurrenttime="24:00"
  />
  
  <LabelDestination
	housekeepingtime="23:55@smf/vae0/housekeepingtime" housekeepingrecurrenttime="24:00"
  />
  <DataSmoother instanceid="1" enabled ="true" queuesize="10000" timertickcreditvalue="800000" maximumcreditvalue="800000" credittype="absolute" benablethreadsafety="false" enablewatermarkmessage="true"/>
</document>
