<?xml version="1.0" encoding="utf-8"?>
<document case="lower" version="1.0">
  <plugins>
  </plugins>

  <components>
    <component name="ItemDumper" type="ItemDumper" phase="2">
		<dependency name="sharedvad"/>
	</component>
	<component name="sharedvad" type="CacheProcessor" phase="1">
		<dependency name="serializablebufferfactory" />
		<dependency name="SCW" />
		<dependency name="OutputConflater" />
	</component>
	<component name="OutputConflater" type="OutputConflater" phase="2">
		<dependency name="sharedvad" />
	</component>
  </components>

  <threads>
    <thread name="sharedvadthread" type="BasicThread" phase="0"/>
  </threads>

  <configurationfiles>
    <file name="..\Config\SharedVADConfig.xml" version="1.0" />
  </configurationfiles>

  <GlobalDependencies>
  </GlobalDependencies>

  <structurefiles>
  </structurefiles>

  <signals>
	<signal name="throttletimer" type="CoarseTimerSignal" phase="1" time="100" thread="VAEMgrThread">
	  <sink component="OutputConflater" sinkname="throttletimersink"/>
	</signal>
	<signal name="resettimer" type="CoarseTimerSignal" phase="1" time="1000" thread="sharedvadthread">
		<sink component="OutputConflater" sinkname="resettimersink"/>
	</signal>
	<signal name="recoverytimeouttimer" type="CoarseTimerSignal" phase="1" time = "36000000" triggeringcomponent="sharedvad" thread="sharedvadthread">
		<sink component="sharedvad" sinkname="recoverytimeout"/>
	</signal>
	<signal name="ageouttimer" type="CoarseTimerSignal" phase="1" time="40000" thread="sharedvadthread">
		<sink component="sharedvad" sinkname="ageoutsink"/>
    </signal>
	<signal name="initialisesignal" type="Signal" phase="0" triggeringcomponent="sharedvad" thread="sharedvadthread">
		<sink component="sharedvad" sinkname="initialisesink"/>
    </signal>
	<signal name="shutdownsignal" type="Signal" phase="0" triggeringcomponent="sharedvad" thread="sharedvadthread">
		<sink component="sharedvad" sinkname="shutdownsink"/>
    </signal>
  </signals>

  <connections>
	<!--Connections for DataService output-->
	<connectionex from="OutputConflater::outgoingmessagesource" viachannel="SharedVadToLD" thread="DSToLDOutputThread" EnableBlocking="false" to="LabelDestination::incomingmessagesink"/>
	<connectionex from="sharedvad::timestampsource" viachannel="sharedvadTimestampChn" thread="AppInfrastructureThread" to="TimestampProcessor::TimestampSink"/>
	<connectionex from="IPLDaemon::outgoingvadsource" viachannel="IPLtoVAD_share" thread="sharedvadthread" to="sharedvad::incomingiplsink"/>
	<connectionex from="sharedvad::outgoingiplsource" viachannel="VADtoIPL_share" thread="IPLDaemonThread" to="IPLDaemon::incomingvadsink"/>
  </connections>
</document>
 
