<?xml version="1.0"?>
<ServerConfig>
    <HealthChecker>
      <ApplicationConfiguration>
        <CheckParameter>True</CheckParameter>
        <!-- You must NOT change the setting for ParameterMonitorDll -->
        <ParameterMonitorDll>ParameterMonitorLibrary.dll</ParameterMonitorDll>
        <SmfServerPort>8603</SmfServerPort>
        <SendToGmi>False</SendToGmi>
      </ApplicationConfiguration>
    </HealthChecker>

    <!--Please define your parameter check(s) in <SMFHealthCheckList> section.
        Below is an example of legacy parameter check(s).    
    <SmfParameterMonitor>
        <Parameter Name = "/system/Processor/0/PercentUserTime">
            <MessageID>100</MessageID>
            <Alert>
              <Threshold TriggerIf = "GT">90</Threshold>
              <Message>The PercentUserTime of Processor 0 is greater than 90!</Message>              
            </Alert>
        </Parameter>
    
    </SmfParameterMonitor>
    -->
        
    <SMFHealthCheckList>
        <!-- printing out the health check Info -->
        <Group Label="Elektron VAH Automated Health Check" ID="Info_Group">
                <FreeText ID="VAH_Version_Text">
                    <Text>INFO: VAH - v</Text>
                    <GetSMFParameterValue>/vae0_vaemanager/Application_Version</GetSMFParameterValue>
                </FreeText>
        </Group>
        
        <Group Label="Starting Connectivity Tests" ID="Connectivity_Tests_Group">
            <!-- a. Verify interfaces on the system are up and connected -->
			<CheckNic InterfaceName="IPL1" Label="IPL1 LAN" ID="IPL1_LAN_Connectivity_Test"/>
			<CheckNic InterfaceName="IPL2" Label="IPL2 LAN" ID="IPL2_LAN_Connectivity_Test"/>
			<CheckNic InterfaceName="MGMT" Label="MGMT NIC" ID="NIC_Test_MGMT">
				<ResultMap>
					<Result Exception = "NotFound" DisplayValue="Not Found">WARN</Result>
					<Default DisplayValue ="Found">PASS</Default>
				</ResultMap>
			</CheckNic>			
					
			<CheckNic InterfaceName="DDNA" Label="DDNA NIC" ID="DDNA_NIC_Test">
				<ResultMap>
					<Result Exception = "NotFound" DisplayValue="Not Found">FAIL</Result>
					<Default DisplayValue ="Found">PASS</Default>
				</ResultMap>
			</CheckNic>
			
			<CheckNic InterfaceName="DDNB" Label="DDNB NIC" ID="DDNB_NIC_Test">
				<ResultMap>
					<Result Exception = "NotFound" DisplayValue="Not Found">FAIL</Result>
					<Default DisplayValue ="Found">PASS</Default>
				</ResultMap>
			</CheckNic>			
		
			<CheckNic InterfaceName="DB+FM" Label="DB+FM NIC" ID="DB_FM_NCI_Test">
				<ResultMap>
					<Result Exception = "NotFound" DisplayValue="Not Found">FAIL</Result>
					<Default DisplayValue ="Found">PASS</Default>
				</ResultMap>
			</CheckNic>
			
			<CheckNic InterfaceName="VAH Input" Label="VAH Input NIC" ID="VAHInput_NIC_Test">
				<ResultMap>
					<Result Exception = "NotFound" DisplayValue="Not Found">FAIL</Result>
					<Default DisplayValue ="Found">PASS</Default>
				</ResultMap>
			</CheckNic>   		
        </Group>

        <Group Label="Starting Data Flow Tests" ID="Data_Flow_Tests_Group">
            <CheckSMFParameter ParameterName="/vae0_datagramsendera/Total_BytesSent" Label="DDNA" ID="DDNA_Output_Data_Flow_Test">
                <ResultMap>
                    <Result Type = "Int" Compare= "GT" ReturnValue="0" DisplayValue="Sending data">PASS</Result>
                    <Result Type = "Int" Compare= "LE" ReturnValue="0" DisplayValue="NOT sending data">FAIL</Result>
                </ResultMap>
            </CheckSMFParameter>
	    <CheckSMFParameter ParameterName="/vae0_datagramsenderb/Total_BytesSent" Label="DDNB" ID="DDNB_Output_Data_Flow_Test">
                <ResultMap>
                    <Result Type = "Int" Compare= "GT" ReturnValue="0" DisplayValue="Sending data">PASS</Result>
                    <Result Type = "Int" Compare= "LE" ReturnValue="0" DisplayValue="NOT sending data">FAIL</Result>
                </ResultMap>
            </CheckSMFParameter>
        </Group>  
        
        <Group Label = "Overall Assessment" ID="Assessment_Group">
            <FreeText ID="Assessment_Text">
                <PrintAssessment>
                    <SeverityMap>
                        <Severity Level="PASS" DisplayValue="Component OK">PASS</Severity>
                        <Severity Level="WARN" DisplayValue="Warning(s) were found">WARN</Severity>
                        <Severity Level="FAIL" DisplayValue="Failure(s) were found">FAIL</Severity>
                    </SeverityMap>
                </PrintAssessment>
            </FreeText>
        </Group>
    
    </SMFHealthCheckList>
</ServerConfig>
