<?xml version="1.0" encoding="utf-8"?>
<document case="lower" version="1.0">
	<plugins>
	</plugins>

	<components>
		<component name="PartitionCore__instance__" type="PartitionCore" phase="5">
			<dependency name="DataService__instance__" />
			<dependency name="DictionaryService__instance__" />
			<dependency name="SchemaService__instance__" />
			<dependency name="TimerService__instance__" />
			<dependency name="ConfigurationService__instance__" />
			<dependency name="CalendarService__instance__" />
			<dependency name="ChainService__instance__" />
			<dependency name="LoggerService__instance__" />
			<dependency name="MemoryService" />
			<dependency name="VAEManager" />
			<dependency name="StatisticsService__instance__" />
		</component>
		<component name="DataService__instance__" type="DataService" phase="2">
			<dependency name="sharedvad"/>
			<dependency name="ItemEventFactory" />
			<dependency name="ItemCmdEventFactory" />
			<dependency name="DynamicService"/>
			<dependency name="CacheProcessor__instance__" />
			<dependency name="DictionaryService__instance__"/>
			<dependency name="SchemaService__instance__"/>
		</component>
		<component name="CacheProcessor__instance__" type="CacheProcessor" phase="1">
			<dependency name="serializablebufferfactory" />
			<dependency name="DataService__instance__" />
			<dependency name="SCW" />
			<dependency name="OutputConflater__instance__" />
		</component>
		<component name="ItemDumper__instance__" type="ItemDumper" phase="2">
			<dependency name="CacheProcessor__instance__" />
			<dependency name="sharedvad"/>
			<dependency name="DataService__instance__" />
			<dependency name="ConfigurationService__instance__" />
		</component>
		<component name="OutputConflater__instance__" type="OutputConflater" phase="2">
			<dependency name="CacheProcessor__instance__" />
		</component>
		<component name="LoggerService__instance__" type="LoggerService" phase="1" />
		<component name="ConfigurationService__instance__" type="ConfigurationService" phase="2">
		  <dependency name="CacheProcessor__instance__"/>
		</component>
		<component name="DictionaryService__instance__" type="DictionaryService" phase="1" />
		<component name="SchemaService__instance__" type="SchemaService" phase="1">
			<dependency name="DictionaryService__instance__" />
		</component>
		<component name="TimerService__instance__" type="TimerService" phase="4" />
		<component name="CalendarService__instance__" type="CalendarService" phase="3">
			<dependency name="DataService__instance__" />
		</component>
		<component name="ChainService__instance__" type="ChainService" phase="3">
			<dependency name="DataService__instance__" />
			<dependency name="DictionaryService__instance__" />
			<dependency name="SchemaService__instance__" />
		</component>
		<component name="StatisticsService__instance__" type="StatisticsService" phase="4">
		</component>
	</components>

	<threads>
		<thread name="PartitionThread__instance__" type="BasicThread" phase="0"/>
	</threads>

	<configurationfiles>
		<file name="..\Config\PartitionConfig.xml" version="1.0"  instance="__instance__" />
	</configurationfiles>

	<globaldependencies>
	</globaldependencies>

	<structurefiles>
	</structurefiles>

  <signals>
		<signal name="throttletimer" type="CoarseTimerSignal" phase="1" time="100" thread="PartitionThread__instance__">
			<sink component="OutputConflater__instance__" sinkname="throttletimersink"/>
		</signal>
		<signal name="resettimer" type="CoarseTimerSignal" phase="1" time="1000" thread="sharedvadthread">
			<sink component="OutputConflater__instance__" sinkname="resettimersink"/>
		</signal>
		<signal name="CoarseTickSignal" type="CoarseTimerSignal" phase="2" time = "1000" thread="PartitionThread__instance__">
			<sink component="TimerService__instance__" sinkname="one_sec_coarse_timer_sink"/>
		</signal>
		<signal name="FineTickSignal" type="FineTimerSignal" phase="2" time = "1000" thread="PartitionThread__instance__">
			<sink component="TimerService__instance__" sinkname="one_sec_fine_timer_sink"/>
		</signal>
		<signal name="partitioninitsignal" type="Signal" phase="1" triggeringcomponent="PartitionCore__instance__" thread="PartitionThread__instance__">
			<sink component="PartitionCore__instance__" sinkname="PartitionInitSink"/>
		</signal>
		<signal name="partitionshutdownsignal" type="Signal" phase="1" triggeringcomponent="PartitionCore__instance__" thread="PartitionThread__instance__">
			<sink component="PartitionCore__instance__" sinkname="PartitionShutdownSink"/>
        </signal>
        <signal name="CalendarTick" type="CoarseTimerSignal" phase="2" time="5000" triggeringcomponent="CalendarService__instance__" thread="PartitionThread__instance__">
			<sink component="CalendarService__instance__" sinkname="CalendarTickSink"/>
		</signal>
		<signal name="recoverytimeouttimer" type="CoarseTimerSignal" phase="1" time="36000000" triggeringcomponent="CacheProcessor__instance__" thread="PartitionThread__instance__">
			<sink component="CacheProcessor__instance__" sinkname="recoverytimeout"/>
		</signal>
		<signal name="inputrecoverytimeouttimer" type="CoarseTimerSignal" phase="1" time="60000" thread="PartitionThread__instance__">
			<sink component="DataService__instance__" sinkname="inputrecoverytimersink"/>
		</signal>
		<signal name="activatesignal" type="Signal" phase="1" triggeringcomponent="DataService__instance__" thread="PartitionThread__instance__">
			<sink component="DataService__instance__" sinkname="activatesink"/>
        </signal>
		<signal name="internalresponsesignal" type="Signal" phase="1" triggeringcomponent="DataService__instance__" thread="PartitionThread__instance__">
			<sink component="DataService__instance__" sinkname="internalresponsesink"/>
		</signal>
		<signal name="initialisesignal" type="Signal" phase="0" triggeringcomponent="CacheProcessor__instance__" thread="PartitionThread__instance__">
			<sink component="CacheProcessor__instance__" sinkname="initialisesink"/>
        </signal>
		<signal name="shutdownsignal" type="Signal" phase="0" triggeringcomponent="CacheProcessor__instance__" thread="PartitionThread__instance__">
			<sink component="CacheProcessor__instance__" sinkname="shutdownsink"/>
        </signal>
		<signal name="ageouttimer" type="CoarseTimerSignal" phase="1" time="40000" thread="PartitionThread__instance__">
			<sink component="CacheProcessor__instance__" sinkname="ageoutsink"/>
        </signal>
		<signal name="pluginerrsignal" type="Signal" phase="1" triggeringcomponent="PartitionCore__instance__" thread="PartitionThread__instance__">
			<sink component="PartitionCore__instance__" sinkname="pluginerrsignalsink"/>
		</signal>
	</signals>

	<connections>
		<connectionex from="DataService__instance__::outgoingeventsource" viachannel="" to="PartitionCore__instance__::incomingeventsink"/>
		<connectionex from="TimerService__instance__::timer_event_source" viachannel="" to="PartitionCore__instance__::incomingeventsink"/>
		<connectionex from="ConfigurationService__instance__::outgoingeventsource" viachannel="" to="PartitionCore__instance__::incomingeventsink"/>
		<connectionex from="SessionServiceRouter::routerstreamoutgoingdatasource" viachannel="SSRtoDataService__instance__" thread="PartitionThread__instance__" to="DataService__instance__::incomingmessagesink"/>
		<connectionex from="DataService__instance__::outgoingrequestsource" viachannel="DataServcietoSSR__instance__" thread="RouterThread" to="SessionServiceRouter::routersubscriptiondatasink"/>
		<connectionex from="CacheProcessor__instance__::timestampsource" viachannel="CacheProcessorTimestampChn__instance__" thread="AppInfrastructureThread" to="TimestampProcessor::TimestampSink"/>
        <connectionex from="CalendarService__instance__::calendareventsource" viachannel="" to="PartitionCore__instance__::incomingeventsink"/>
		<connectionex from="IPLDaemon::outgoingvadsource" viachannel="IPLtoVAD___instance__" thread="PartitionThread__instance__" to="CacheProcessor__instance__::incomingiplsink"/>
		<connectionex from="CacheProcessor__instance__::outgoingiplsource" viachannel="VADtoIPL___instance__" thread="IPLDaemonThread" to="IPLDaemon::incomingvadsink"/>
		<connectionex from="OutputConflater__instance__::outgoingmessagesource" viachannel="VadToLD__instance__" thread="DSToLDOutputThread" EnableBlocking="false" to="LabelDestination::incomingmessagesink"/>
	</connections>
</document>
