<?xml version="1.0" encoding="utf-8"?>
<document case="lower" version="1.0">
  <plugins>
    
  </plugins>

  <components>
    <component name="RsslReactor" type="rsslreactor" phase="1"/>
    <component name="RsslReceiver" type="rsslreceiver" phase="1"/>
    <component name="RsslSender" type="rsslsender" phase="1"/>
    <component name="DynamicService" type="dynamicservice" phase="1"/>
    <component name="TRWF2Builder" type="trwf2builder" phase="2">
      <dependency name="DynamicService" />
    </component>
    <component name="SessionServiceRouter" type="sessionservicerouter" phase="1">
		<dependency name="TRWF2CapsuleFactory" />
	</component>
  </components>

  <threads>
    <thread name="RsslConnectThread" type="BasicThread" phase="1" threadaffinity="252"/>
    <thread name="DynamicServiceLoadBalanceThread" type="BasicThread" phase="1" threadaffinity="252"/>
    <thread name="ReactorPingTimeoutThread" type="BasicThread" phase="1" threadaffinity="252"/>
    <thread name="ReactorFlushThread" type="BasicThread" phase="1" threadaffinity="252"/>
    <thread name="RsslEventLoopThread" type="BasicThread" phase="1" threadaffinity="252"/>
    <thread name="RsslReceiverThread" type="BasicThread" phase="1" threadaffinity="252"/>
    <thread name="RsslSenderThread" type="BasicThread" phase="1" threadaffinity="252"/>
    <thread name="RsslCloseThread" type="BasicThread" phase="1" threadaffinity="252"/>
    <thread name="RsslReactorThread" type="BasicThread" phase="1" threadaffinity="252"/>
    <thread name="DynamicServiceThread" type="BasicThread" phase="1" threadaffinity="252"/>
    <thread name="RouterThread" type="BasicThread" phase="1" threadaffinity="252"/>
    <thread name="TRWF2BuilderThread" type="BasicThread" phase="1" threadaffinity="252"/>
  </threads>

  <configurationfiles>
    <file name="..\Config\InputHandlerConfig.xml" version="1.0" />
  </configurationfiles>

  <GlobalDependencies>
  </GlobalDependencies>

  <structurefiles>
  </structurefiles>

  <signals>
    <signal name="establishsignal" type="Signal" phase="1"	triggeringcomponent="DynamicService" thread="RsslConnectThread">
      <sink component="DynamicService" sinkname="establishsink"/>
    </signal>

    <signal name="eventloopsignal" type="Signal" phase="1"	triggeringcomponent="RsslReactor" thread="RsslEventLoopThread">
      <sink component="RsslReactor" sinkname="eventloopsink"/>
    </signal>
	
	<signal name="checkconnectionssignal" type="CoarseTimerSignal" phase="1" time="500" triggeringcomponent="DynamicService" thread="DynamicServiceLoadBalanceThread">
      <sink component="DynamicService" sinkname="checkconnectionssink"/>
    </signal>
<!--
    <signal name="loadbalancesignal" type="CoarseTimerSignal" phase="1" time="1000" triggeringcomponent="DynamicService" thread="DynamicServiceLoadBalanceThread">
      <sink component="DynamicService" sinkname="loadbalancesink"/>
    </signal>
-->
    <signal name="pingtimeoutsignal" type="CoarseTimerSignal" phase="1" time="1000" triggeringcomponent="RsslReactor" thread="ReactorPingTimeoutThread">
      <sink component="RsslReactor" sinkname="pingtimeoutsink"/>
    </signal>

    <signal name="flushsignal" type="CoarseTimerSignal" phase="1" time="1000" triggeringcomponent="RsslReactor" thread="ReactorFlushThread">
      <sink component="RsslReactor" sinkname="flushsink"/>
    </signal>
	
	<signal name="backgroundthrottlequeuechecksignal" type="CoarseTimerSignal" phase="1" time="1000" triggeringcomponent="SessionServiceRouter" thread="RouterThread">
      <sink component="SessionServiceRouter" sinkname="backgroundthrottlequeuechecksink"/>
    </signal>
  </signals>

  <connections>

    <!--connectionex Login-->
    <connectionex from="DynamicService::connectionsource" viachannel="DynamicServiceToRsslReactorChn" thread="RsslReactorThread"
                to="RsslReactor::incomingstreamsink"/>
    <connectionex from="RsslReactor::streamauthenticationrequestsource" viachannel="RsslReactorToDSChn" thread="DynamicServiceThread"
           to="DynamicService::authrequestsink"/>
    <connectionex from="DynamicService::authrequestsource" viachannel="AuthReqToRsslSenderChn" thread="RsslSenderThread"
       to="RsslSender::incomingframesink"/>
	<!-- active close -->
    <connectionex from="DynamicService::reqactiveclosesource" viachannel="DSToRRRACChn" thread="RsslReactorThread"
                to="RsslReactor::reqactiveclosesink"/>
 
    <!--connectionex Directory-->
    <connectionex from="DynamicService::directoryrequestsource" viachannel="DynamicServiceToTRWOF2ToRsslChn" thread="RsslSenderThread"
                to="RsslSender::incomingframesink"/>

    <!--connectionex Error-->
    <connectionex from="RsslReactor::streamactiveclosesource" viachannel="RsslReactorActiveCloseChn" thread="RsslCloseThread"
               to="DynamicService::disconnectsink"/>
    <connectionex from="RsslReactor::streampassiveclosesource" viachannel="RsslReactorPassiveCloseChn" thread="RsslCloseThread"
               to="DynamicService::disconnectsink"/>

    <!--Response/Update Route-->
    <connectionex from="RsslReactor::streamoutputsource" viachannel="RsslReactorToRsslReceiverChn" thread="RsslReceiverThread"
                to="RsslReceiver::incomingstreamsink"/>
    <connectionex from="RsslReceiver::dataoutgoingsource" viachannel="RsslReceiverToDSReceiveChn" thread="DynamicServiceThread"
                to="DynamicService::receivedatasink"/>
    <connectionex from="DynamicService::receiveoutputsource" viachannel="DSToSSRChn" thread="RouterThread"
                to="SessionServiceRouter::routerstreamdatasink"/>

    <!--Request Route-->
    <connectionex from="SessionServiceRouter::routersubscriptionoutgoingdatasource" viachannel="SSRToTRWF2BuildChn" thread="TRWF2BuilderThread"
              to="TRWF2Builder::buildersubscriptiondatasink"/>
    <connectionex from="TRWF2Builder::buildersubscriptionoutgoingdatasource" viachannel="TRWF2BuildToRsslSenderChn" thread="RsslSenderThread"
              to="RsslSender::incomingframesink"/>
  </connections>
</document>
