<?xml version="1.0"?>
<PartitionStructure>
  <Partition Label="vae0param" Type="param">
    <Group Name="vae0">
      <String Name="StructureFile" StrLen="256" />
      <String Name="housekeepingtime" StrLen="256" />
      <Integer64 Name="recoveryrestarttime" />
    </Group>
    <Group Name="statscollator">
      <String Name="StructureFile" StrLen="256" />
    </Group>
    <Values>
      <String Name="/vae0/StructureFile" Value="D:\ThomsonReuters\vah\Config\vahStruct.xml" />
      <String Name="/vae0/housekeepingtime" Value="23:50" />
      <Integer64 Name="/vae0/recoveryrestarttime" Value="0" />
      <String Name="/statscollator/StructureFile" Value="D:\ThomsonReuters\vah\Config\StatsCollator_Struct.xml" />
    </Values>
  </Partition>
</PartitionStructure>