﻿<?xml version="1.0" encoding="utf-8"?>
<document case="mixed" version="1.0">
  <rsslreactor garbagecollectiontime="30000" housekeepingtime="23:55@smf/vae0/housekeepingtime" housekeepingrecurrenttime="24:00" />
  <rsslreceiver timestampperiod="10000" housekeepingtime="23:55@smf/vae0/housekeepingtime" housekeepingrecurrenttime="24:00" />
  <rsslsender housekeepingtime="23:55@smf/vae0/housekeepingtime" housekeepingrecurrenttime="24:00" />
  <rsslconnector rsslwritebuffer="512" rsslreadbuffer="256" streaminittimeout="60" />
  <sessionservicerouter throttlerate="200" throttlequeuetimeout="15000" />
  <dynamicservice housekeepingtime="23:55@smf/vae0/housekeepingtime" housekeepingrecurrenttime="24:00" authtimemultiplier="20">
    <connections>
      <connection receivechannelname="rrdispatchertorsslreceiverchn" sendchannelname="rsdispatchertorsslsenderchn" authname="vah" perfused="false">
        <addresses />
      </connection>
      <connection receivechannelname="rrdispatchertorsslreceiverchn" sendchannelname="rsdispatchertorsslsenderchn" authname="vah" perfused="false">
        <addresses>
          <address ipaddress="10.0.4.222" portnumber="14004" compressionType="0" tcpnodelay="true" pingtimeout="10" guaranteedOutputBuffers="350" numInputBuffers="350" />
        </addresses>
      </connection>
    </connections>
  </dynamicservice>
  <rsslreceivertodsreceivechn nonlockingbufferslots="100000" />
  <dstossrchn nonlockingbufferslots="100000" />
  <rsslreactortorsslreceiverchn nonlockingbufferslots="100000" />
  <!-- builder to sender data loss -->
  <ssrtotrwf2buildchn nonlockingbufferslots="100000" />
  <trwf2buildtorsslsenderchn nonlockingbufferslots="100000" />
</document>