<?xml version="1.0" encoding="utf-8" ?>
<document>
    <Events>
        <Event id="400" eventrepeattime="0" enableevent="0" severity="warning">
            <Destination target="log" enableevent="0" />
            <Destination target="smf" enableevent="0" />
        </Event>

        <Event id="401" eventrepeattime="0" enableevent="0" severity="warning">
            <Destination target="log" enableevent="0" />
            <Destination target="smf" enableevent="0" />
        </Event>
    </Events>
</document>
