﻿<?xml version="1.0" encoding="utf-8"?>
<document case="lower" version="1">
	<Global ApplicationName="StatsCollator" CrashDumpDirectory="..\Logs\CrashDumps\" TargetApplication="vae0"/>	
	<StatisticsCollator
		Recovery="true"
		SkeletonFile="..\Config\vae0sk.xml"
		ValueAddedStatsFile=""
		HouseKeepingTime="23:55@smf/vae0/housekeepingtime" 
		HouseKeepingRecurrenceTime="24:00"

		MemoryBlockSize="260000"
		SliceMemoryBlockSize="100000"
		SaveEverySliceToSMF="true"/>
		
	<EventInfoRepository EventOverrideFile="..\Config\VAH_EventOverrideFile.xml">
		<Files>
			<Item name="..\Config\Framework Events.xml" />			
		</Files>	 
	</EventInfoRepository>
	
	<EventLogger Directory="..\Logs\Events\"  HouseKeepingTime="23:55" HouseKeepingRecurrenceTime="24:00"/>
		
	<StatisticsRecoveryFileLogger SaveAsRecovery="true" Directory="..\Logs\Stats" Extension=".recov" />	
	
	<StatisticsLogger  Directory="..\Logs\Stats" Extension=".statbin" HouseKeepingTime="23:55" HouseKeepingRecurrenceTime="24:00"/>

	<MemoryFactory>
		<MemoryPools>
    		<Item PoolBlockSize="16" ChainSize="10"  InitialChainCount = "1" GrowSize="10" OverLoadEntry="10000" OverLoadExit="5000" OverFlowEntry="20000" OverFlowExit="15000"/>
    		<Item PoolBlockSize="32" ChainSize="10" InitialChainCount = "1" GrowSize="10" OverLoadEntry="10000" OverLoadExit="5000" OverFlowEntry="20000" OverFlowExit="15000"/>
    		<Item PoolBlockSize="64" ChainSize="10" InitialChainCount = "1" GrowSize="10" OverLoadEntry="10000" OverLoadExit="5000" OverFlowEntry="20000" OverFlowExit="15000"/>
    		<Item PoolBlockSize="128" ChainSize="10" InitialChainCount = "1" GrowSize="10" OverLoadEntry="10000" OverLoadExit="5000" OverFlowEntry="20000" OverFlowExit="15000"/>
    		<Item PoolBlockSize="256" ChainSize="10" InitialChainCount = "1" GrowSize="10" OverLoadEntry="10000" OverLoadExit="5000" OverFlowEntry="20000" OverFlowExit="15000"/>
    		<Item PoolBlockSize="512" ChainSize="10" InitialChainCount = "1" GrowSize="10" OverLoadEntry="10000" OverLoadExit="5000" OverFlowEntry="20000" OverFlowExit="15000"/>
    		<Item PoolBlockSize="1024" ChainSize="10" InitialChainCount = "1" GrowSize="10" OverLoadEntry="10000" OverLoadExit="5000" OverFlowEntry="20000" OverFlowExit="15000"/>
    		<Item PoolBlockSize="2048" ChainSize="10" InitialChainCount = "1" GrowSize="20" OverLoadEntry="140000" OverLoadExit="135000" OverFlowEntry="160000" OverFlowExit="155000"/>
    		<Item PoolBlockSize="4096" ChainSize="10" InitialChainCount = "1" GrowSize="10" OverLoadEntry="10000" OverLoadExit="5000" OverFlowEntry="20000" OverFlowExit="15000"/>
    		<Item PoolBlockSize="8192" ChainSize="10" InitialChainCount = "1" GrowSize="10" OverLoadEntry="10000" OverLoadExit="5000" OverFlowEntry="20000" OverFlowExit="15000"/>
    		<Item PoolBlockSize="16384" ChainSize="10" InitialChainCount = "1" GrowSize="10" OverLoadEntry="10000" OverLoadExit="5000" OverFlowEntry="20000" OverFlowExit="15000"/>    		
			<Item PoolBlockSize="32768" ChainSize="10" InitialChainCount = "0" GrowSize="10" OverLoadEntry="10000" OverLoadExit="5000" OverFlowEntry="20000" OverFlowExit="15000"/>
    		<Item PoolBlockSize="65535" ChainSize="1" InitialChainCount = "0" GrowSize="1" OverLoadEntry="10" OverLoadExit="5" OverFlowEntry="20" OverFlowExit="15"/>
    		<Item PoolBlockSize="131070" ChainSize="1" InitialChainCount = "0" GrowSize="1" OverLoadEntry="10" OverLoadExit="5" OverFlowEntry="20" OverFlowExit="15"/>
    		<Item PoolBlockSize="262140" ChainSize="1" InitialChainCount = "0" GrowSize="1" OverLoadEntry="10" OverLoadExit="5" OverFlowEntry="20" OverFlowExit="15"/>
		</MemoryPools>
  </MemoryFactory>

 <MemoryReturnChannel NonLockingBufferSlots="100000" CanDynamicTriggering="false" DynamicTriggeringEntry="20000" BaseInputRate="20000" GrowSizePerBase="5" SampleCount="20000" lowwatermarkentry="60000" lowwatermarkexit="50000" HighWatermarkEntry="80000" HighWatermarkExit="90000" />
 
</document>