﻿<?xml version="1.0" encoding="utf-8"?>
<PartitionStructure>
  <Partition Label="SCW" Type="param">
    <Group Name="SCW">
      <String Name="watchdog.identity" StrLen="1024" />
      <String Name="watchdog.standalone" StrLen="1024" />
      <String Name="watchdog.thread_priority" StrLen="1024" />
      <String Name="watchdog.user_account_domain" StrLen="1024" />
      <String Name="watchdog.operators_user_group" StrLen="1024" />
      <String Name="watchdog.state.pathname" StrLen="1024" />
      <String Name="watchdog.log_missed_ticks_interval" StrLen="1024" />
      <String Name="watchdog.rollover.gmt_hour" StrLen="1024" />
      <String Name="watchdog.rollover.gmt_minute" StrLen="1024" />
      <String Name="watchdog.rollover.gmt_second" StrLen="1024" />
      <String Name="watchdog.rollover.failover" StrLen="1024" />
      <String Name="watchdog.rollover.failover.delay" StrLen="1024" />
      <String Name="watchdog.rollover.clear_lock_live" StrLen="1024" />
      <String Name="watchdog.rollover.clear_lock_stby" StrLen="1024" />
      <String Name="watchdog.instance.port" StrLen="1024" />
      <String Name="watchdog.instance.hostname" StrLen="1024" />
      <String Name="watchdog.instance.heartbeat.interval" StrLen="1024" />
      <String Name="watchdog.instance.heartbeat.timeout" StrLen="1024" />
      <String Name="watchdog.instance.login.timeout" StrLen="1024" />
      <String Name="watchdog.go.ready.timeout" StrLen="1024" />
      <String Name="watchdog.go.live.timeout" StrLen="1024" />
      <String Name="watchdog.go.standby.timeout" StrLen="1024" />
      <String Name="watchdog.instance.stopping.timeout" StrLen="1024" />
      <String Name="watchdog.instance.disconnect.timeout" StrLen="1024" />
      <String Name="watchdog.instance.terminate.timeout" StrLen="1024" />
      <String Name="watchdog.mc_label.label_file_path" StrLen="1024" />
      <String Name="watchdog.mc_label.label_file_name" StrLen="1024" />
      <String Name="watchdog.partner.allow_loopback" StrLen="1024" />
      <String Name="watchdog.partner.link_state_interval" StrLen="1024" />
      <String Name="watchdog.partner.retry_lines_interval" StrLen="1024" />
      <String Name="watchdog.partner.heartbeat_interval" StrLen="1024" />
      <String Name="watchdog.partner.heartbeat_timeout" StrLen="1024" />
      <String Name="watchdog.mode.initialising_timeout" StrLen="1024" />
      <String Name="watchdog.mode.going_master_timeout" StrLen="1024" />
      <String Name="watchdog.arb_base_timer_period" StrLen="1024" />
      <String Name="watchdog.check_arbitration_interval" StrLen="1024" />
      <String Name="watchdog.qos.arbitration.count" StrLen="1024" />
      <String Name="watchdog.qos.tolerance" StrLen="1024" />
      <String Name="watchdog.qos.prefer.tolerance" StrLen="1024" />
      <String Name="watchdog.qos.viable.tolerance" StrLen="1024" />
      <String Name="watchdog.qos.perfmon.query_interval" StrLen="1024" />
      <String Name="watchdog.max_switch_count" StrLen="1024" />
      <String Name="watchdog.max_switch_period" StrLen="1024" />
      <String Name="watchdog.auto_unlock_period" StrLen="1024" />
      <String Name="watchdog.auto_unlock_override_period" StrLen="1024" />
      <String Name="watchdog.min_switch_interval" StrLen="1024" />
      <String Name="watchdog.max_switch_history" StrLen="1024" />
      <String Name="watchdog.log.qos_interval" StrLen="1024" />
      <String Name="watchdog.log.qos_delta" StrLen="1024" />
      <String Name="watchdog.partner.report_qos_interval" StrLen="1024" />
      <String Name="watchdog.duallink_down.enable_predisposition" StrLen="1024" />
      <String Name="watchdog.predisposition" StrLen="1024" />
      <String Name="watchdog.service_classes" StrLen="1024" />
      <String Name="watchdog.groups" StrLen="1024" />
      <String Name="watchdog.controller.failure_action" StrLen="1024" />
      <String Name="watchdog.aux.failure_action" StrLen="1024" />
      <String Name="watchdog.gui.server.port" StrLen="1024" />
      <String Name="watchdog.gui.server.interface" StrLen="1024" />
      <String Name="watchdog.gui.heartbeat_interval" StrLen="1024" />
      <String Name="watchdog.gui.heartbeat_timeout" StrLen="1024" />
      <String Name="watchdog.allow_remote_shutdown" StrLen="1024" />
      <String Name="watchdog.max_gui_connections" StrLen="1024" />
      <String Name="watchdog.gui.disable_auth" StrLen="1024" />
      <String Name="watchdog.mode.managed" StrLen="1024" />
      <String Name="watchdog.controller.interface" StrLen="1024" />
      <String Name="watchdog.controller.port" StrLen="1024" />
      <String Name="watchdog.controller.heartbeat_interval" StrLen="1024" />
      <String Name="watchdog.controller.heartbeat_timeout" StrLen="1024" />
      <String Name="watchdog.aux.interface" StrLen="1024" />
      <String Name="watchdog.aux.port" StrLen="1024" />
      <String Name="watchdog.aux.heartbeat_interval" StrLen="1024" />
      <String Name="watchdog.aux.heartbeat_timeout" StrLen="1024" />
      <String Name="watchdog.instance" StrLen="1024" />
    </Group>
    <Values>
      <String Name="/SCW/watchdog.identity" Value="A" />
      <String Name="/SCW/watchdog.standalone" Value="false" />
      <String Name="/SCW/watchdog.thread_priority" Value="2" />
      <String Name="/SCW/watchdog.user_account_domain" Value="." />
      <String Name="/SCW/watchdog.operators_user_group" Value="Users" />
      <String Name="/SCW/watchdog.state.pathname" Value="..\state\" />
      <String Name="/SCW/watchdog.log_missed_ticks_interval" Value="100" />
      <String Name="/SCW/watchdog.rollover.gmt_hour" Value="00" />
      <String Name="/SCW/watchdog.rollover.gmt_minute" Value="00" />
      <String Name="/SCW/watchdog.rollover.gmt_second" Value="00" />
      <String Name="/SCW/watchdog.rollover.failover" Value="false" />
      <String Name="/SCW/watchdog.rollover.failover.delay" Value="500" />
      <String Name="/SCW/watchdog.rollover.clear_lock_live" Value="false" />
      <String Name="/SCW/watchdog.rollover.clear_lock_stby" Value="false" />
      <String Name="/SCW/watchdog.instance.port" Value="27010" />
      <String Name="/SCW/watchdog.instance.hostname" Value="127.0.0.1" />
      <String Name="/SCW/watchdog.instance.heartbeat.interval" Value="40" />
      <String Name="/SCW/watchdog.instance.heartbeat.timeout" Value="200" />
      <String Name="/SCW/watchdog.instance.login.timeout" Value="500" />
      <String Name="/SCW/watchdog.go.ready.timeout" Value="6000" />
      <String Name="/SCW/watchdog.go.live.timeout" Value="6000" />
      <String Name="/SCW/watchdog.go.standby.timeout" Value="6000" />
      <String Name="/SCW/watchdog.instance.stopping.timeout" Value="500" />
      <String Name="/SCW/watchdog.instance.disconnect.timeout" Value="500" />
      <String Name="/SCW/watchdog.instance.terminate.timeout" Value="400" />
      <String Name="/SCW/watchdog.mc_label.label_file_path" Value="D:\ThomsonReuters\Config\" />
      <String Name="/SCW/watchdog.mc_label.label_file_name" Value="ddnPublishers.xml" />
      <String Name="/SCW/watchdog.partner.allow_loopback" Value="false" />
      <String Name="/SCW/watchdog.partner.link_state_interval" Value="100" />
      <String Name="/SCW/watchdog.partner.retry_lines_interval" Value="500" />
      <String Name="/SCW/watchdog.partner.heartbeat_interval" Value="40" />
      <String Name="/SCW/watchdog.partner.heartbeat_timeout" Value="200" />
      <String Name="/SCW/watchdog.mode.initialising_timeout" Value="12" />
      <String Name="/SCW/watchdog.mode.going_master_timeout" Value="8" />
      <String Name="/SCW/watchdog.arb_base_timer_period" Value="2" />
      <String Name="/SCW/watchdog.check_arbitration_interval" Value="10" />
      <String Name="/SCW/watchdog.qos.arbitration.count" Value="5" />
      <String Name="/SCW/watchdog.qos.tolerance" Value="0" />
      <String Name="/SCW/watchdog.qos.prefer.tolerance" Value="0" />
      <String Name="/SCW/watchdog.qos.viable.tolerance" Value="1" />
      <String Name="/SCW/watchdog.qos.perfmon.query_interval" Value="50" />
      <String Name="/SCW/watchdog.max_switch_count" Value="4" />
      <String Name="/SCW/watchdog.max_switch_period" Value="240" />
      <String Name="/SCW/watchdog.auto_unlock_period" Value="240" />
      <String Name="/SCW/watchdog.auto_unlock_override_period" Value="15" />
      <String Name="/SCW/watchdog.min_switch_interval" Value="300" />
      <String Name="/SCW/watchdog.max_switch_history" Value="5" />
      <String Name="/SCW/watchdog.log.qos_interval" Value="0" />
      <String Name="/SCW/watchdog.log.qos_delta" Value="true" />
      <String Name="/SCW/watchdog.partner.report_qos_interval" Value="500" />
      <String Name="/SCW/watchdog.duallink_down.enable_predisposition" Value="true" />
      <String Name="/SCW/watchdog.predisposition" Value="(A B C D)" />
      <String Name="/SCW/watchdog.service_classes" Value="( () )" />
      <String Name="/SCW/watchdog.groups" Value="( ( VAH ( ( GRP_PRI_QOS - ( A B ) ) ( GRP_PRI_QOS - ( C D ) ) ) ) )" />
      <String Name="/SCW/watchdog.controller.failure_action" Value="0" />
      <String Name="/SCW/watchdog.aux.failure_action" Value="0" />
      <String Name="/SCW/watchdog.gui.server.port" Value="27000" />
      <String Name="/SCW/watchdog.gui.server.interface" Value="MGMT" />
      <String Name="/SCW/watchdog.gui.heartbeat_interval" Value="100" />
      <String Name="/SCW/watchdog.gui.heartbeat_timeout" Value="200" />
      <String Name="/SCW/watchdog.allow_remote_shutdown" Value="true" />
      <String Name="/SCW/watchdog.max_gui_connections" Value="4" />
      <String Name="/SCW/watchdog.gui.disable_auth" Value="true" />
      <String Name="/SCW/watchdog.mode.managed" Value="true" />
      <String Name="/SCW/watchdog.controller.interface" Value="127.0.0.1" />
      <String Name="/SCW/watchdog.controller.port" Value="27020" />
      <String Name="/SCW/watchdog.controller.heartbeat_interval" Value="100" />
      <String Name="/SCW/watchdog.controller.heartbeat_timeout" Value="300" />
      <String Name="/SCW/watchdog.aux.interface" Value="127.0.0.1" />
      <String Name="/SCW/watchdog.aux.port" Value="27030" />
      <String Name="/SCW/watchdog.aux.heartbeat_interval" Value="100" />
      <String Name="/SCW/watchdog.aux.heartbeat_timeout" Value="300" />
      <String Name="/SCW/watchdog.instance" Value="(())" />
    </Values>
  </Partition>
</PartitionStructure>