<?xml version="1.0" encoding="utf-8"?>
<document case="lower" version="1.0">
  <plugins>
	
  </plugins>

  <!-- LabelDestination relies on VAEManager(phase 2), put it in phase 3  -->
  
  <components>
    <component name="heartbeatgenerator" type="MTPHeartbeatGenerator" phase="1">
        <dependency name="DatagramFrameFactory" />
    </component>
	<component name="DatagramSenderA" type="DatagramSender" phase="1" />
	<component name="DatagramSenderB" type="DatagramSender" phase="1" />
    <component name="TRWF2ToDatagramDynamic" type="trwf2todatagramdynamic" phase="1"/>
	<component name="DataSmoother" type="datasmoother" phase="1"/>
    <component name="DatagramToTRWF2Capsule" type="MTPFrameToTRWF2Capsule" phase="1"/>
    <component name="LabelDestination" type="labeldestination" phase="3">
		<dependency name="PropertyFactory" />
		<dependency name="configurecomponentfactory"/>
		<dependency name="DatagramSenderA" />
		<dependency name="DatagramSenderB" />
		<dependency name="heartbeatgenerator" />
	</component>
	<component name="OutputManager" type="OutputManager" phase="1" />
  </components>

  <threads>
	<thread name="DatagramSenderThread" type="BasicThread" phase="1" threadaffinity="252"/>
    <thread name="TRWF2DatagramDncoderThread" type="BasicThread" phase="1" threadaffinity="252"/>
    <thread name="DSToLDOutputThread" type="BasicThread" phase="1" threadaffinity="252"/>
  </threads>

  <configurationfiles>
    <file name="..\Config\OutputHandlerConfig.xml" version="1.0" />
  </configurationfiles>

  <GlobalDependencies>
  </GlobalDependencies>

  <structurefiles>

  </structurefiles>

  <signals>
  
    <signal name="MTPHeartbeatSignal" type="CoarseTimerSignal" phase="1" time="1000" thread="AppInfrastructureThread">
        <sink component="heartbeatgenerator" sinkname="HeartbeatTimerSink" />
    </signal>
  

    <Signal name="timeticksignal" type="CoarseTimerSignal" phase="1" time="500" thread="TRWF2DatagramDncoderThread">
      <sink component="TRWF2ToDatagramDynamic" sinkname="timeticksink"/>
    </Signal>

	<signal name="creditupdatesignal" type="CoarseTimerSignal" triggeringcomponent="DataSmoother" phase="1" time="200" thread="TRWF2DatagramDncoderThread">
      <sink component="DataSmoother" sinkname="ontimertick"/>
    </signal>

	<!--  DatagramSenderA  -->
	<signal name="ARPRefreshTickSignal" type="CoarseTimerSignal" phase="1" time="1000" triggeringcomponent="DatagramSenderA" thread="DatagramSenderThread">
      <sink component="DatagramSenderA" sinkname="ARPRefreshTick" />
    </signal>
    <signal name="deactivatesignal" type="Signal" phase="1" triggeringcomponent="DatagramSenderA" thread="DatagramSenderThread">
      <sink component="DatagramSenderA" sinkname="deactivatesink" />
    </signal>
	<!--  DatagramSenderB  -->
	<signal name="ARPRefreshTickSignal" type="CoarseTimerSignal" phase="1" time="1000" triggeringcomponent="DatagramSenderB" thread="DatagramSenderThread">
      <sink component="DatagramSenderB" sinkname="ARPRefreshTick" />
    </signal>
    <signal name="deactivatesignal" type="Signal" phase="1" triggeringcomponent="DatagramSenderB" thread="DatagramSenderThread">
      <sink component="DatagramSenderB" sinkname="deactivatesink" />
    </signal>
  </signals>

  <connections>
    <connectionex from="RsslSender::timestampsource" viachannel="RsslSenderTimestampChn" thread="AppInfrastructureThread" to="TimestampProcessor::TimestampSink"/>
	<connectionex from="LabelDestination::outgoingmessagesource" viachannel="LabelDestinationOutputChannel" thread="TRWF2DatagramDncoderThread"
               EnableBlocking="false" to="TRWF2ToDatagramDynamic::incomingdatasink"/>
	<connectionex from="TRWF2ToDatagramDynamic::outsource" viachannel="" to="DataSmoother::receivedatasink" />
	<connectionex from="DataSmoother::senddatasource" viachannel="DatagramSenderInputChannel" thread="DatagramSenderThread"
				EnableBlocking="false" to="OutputManager::incomingdatasink" />
	<connectionex from="OutputManager::outgoingsource" viachannel="" to="DatagramSenderA::IncomingDataSink" />
	<connectionex from="OutputManager::outgoingsource" viachannel="" to="DatagramSenderB::IncomingDataSink" />
				
	<connectionex from="heartbeatgenerator::OutgoingDataSource" viachannel="HeartbeatToDatagramSenderAChannel" thread="DatagramSenderThread" 
				EnableBlocking="false" to="DatagramSenderA::IncomingDataSink"/>
	<connectionex from="heartbeatgenerator::OutgoingDataSource" viachannel="HeartbeatToDatagramSenderBChannel" thread="DatagramSenderThread" 
				EnableBlocking="false" to="DatagramSenderB::IncomingDataSink"/>
				
  </connections>
</document>
