<Throttles DataType="13">
	<Throttle DataType="13">
		<ProductType DataType="3" Displayable="-1" DefaultValue="1">1</ProductType>
		<Value DataType="3" Displayable="-1" DefaultValue="1000">6000</Value>
		<QueueLength DataType="3" Displayable="-1" DefaultValue="15000">1000000</Value>
		<Name DataType="8" Displayable="-1" DefaultValue="">Group1</Name>
		<Status DataType="11" Displayable="-1" DefaultValue="0">1</Status>
		<ValueBandwidth DataType="3" Displayable="-1" DefaultValue="20">0</ValueBandwidth>
		<TMSConflation DataType="11" Displayable="-1" DefaultValue="0">0</TMSConflation>
		<MSEOverride DataType="11" Displayable="0" DefaultValue="0">0</MSEOverride>
	</Throttle>
</Throttles>
