<?xml version="1.0" encoding="utf-8"?>
<configuration>
  <loggerservice>
    <output medium="file" level="trace" />
  </loggerservice>
  <dictionaryservice>
    <fieldfile>Templates/fieldfile.dat</fieldfile>
    <!--<enumfile></enumfile>-->
  </dictionaryservice>
  <schemaservice>
    <schemafile>schema.xml</schemafile>
  </schemaservice>
  <dataservice>
	<throttlefile>Throttles.xml</throttlefile>
  </dataservice>
  <PE>122</PE>
  <Throttle>1</Throttle>
  <DailyHouseKeeping>3600</DailyHouseKeeping>
  <OrderedPageDeferUpdate>1</OrderedPageDeferUpdate>
  <BKPageDeferUpdate>10</BKPageDeferUpdate>
  <MaxBKPageNumber>50</MaxBKPageNumber>
  <InitOutputLogicalPoolSize>1000</InitOutputLogicalPoolSize>
  <MaxOutputLogicalPoolSize>200000</MaxOutputLogicalPoolSize>
  <MaxBrokerId>10000</MaxBrokerId>
  <MaxParticipantId>10000</MaxParticipantId>
  <Sources>
    <chain id="MBD.HK">
      <type>stock</type>
      <start>0</start>
      <length>100</length>
    </chain>
    <chain id="NDX.HK">
      <type>stock</type>
      <start>0</start>
      <length>8</length>
    </chain>
    <chain id="RIGHTS.HK">
      <type>stock</type>
      <start>0</start>
      <length>2</length>
    </chain>
    <chain id="DR.HK">
      <type>stock</type>
      <start>0</start>
      <length>2</length>
    </chain>
    <chain id="GEM.HK">
      <type>stock</type>
      <start>0</start>
      <length>15</length>
    </chain>
    <chain id="EFN.HK">
      <type>stock</type>
      <start>0</start>
      <length>7</length>
    </chain>
    <chain id="FUND.HK">
      <type>stock</type>
      <start>0</start>
      <length>2</length>
    </chain>
    <chain id="ETF.HK">
      <type>stock</type>
      <start>0</start>
      <length>10</length>
    </chain>
    <chain id="ETS.HK">
      <type>stock</type>
      <start>0</start>
      <length>2</length>
    </chain>
    <chain id="BONDA.HK">
      <type>stock</type>
      <start>0</start>
      <length>7</length>
    </chain>
    <chain id="BONDH.HK">
      <type>stock</type>
      <start>0</start>
      <length>7</length>
    </chain>
    <chain id="BONDP.HK">
      <type>stock</type>
      <start>0</start>
      <length>7</length>
    </chain>
    <chain id="REIT.HK">
      <type>stock</type>
      <start>0</start>
      <length>2</length>
    </chain>
    <chain id="WARRANTS.HK">
      <type>warrant</type>
      <start>0</start>
      <length>310</length>
    </chain>
    <chain id="CBBC.HK">
      <type>cbbc</type>
      <start>0</start>
      <length>90</length>
    </chain>
  </Sources>
</configuration>