﻿<?xml version="1.0" encoding="utf-8"?>
<schemas version="1.0">
  <schema id="1">
    <!--transmission schema-->
    <fieldlist>
      <field fid="1" acronym="PROD_PERM" />
      <field fid="3" acronym="DSPLY_NAME" />
      <field fid="4" acronym="RDN_EXCHID" />
      <field fid="5" acronym="TIMACT" />
      <field fid="17" acronym="ACTIV_DATE" />
      <field fid="22" acronym="BID" />
      <field fid="25" acronym="ASK" />
      <field fid="28" acronym="NEWS" />
      <field fid="239" acronym="REF_COUNT" />
      <field fid="259" acronym="RECORDTYPE" />
      <field fid="315" acronym="ROW80_1" />
      <field fid="316" acronym="ROW80_2" />
      <field fid="317" acronym="ROW80_3" />
      <field fid="318" acronym="ROW80_4" />
      <field fid="319" acronym="ROW80_5" />
      <field fid="320" acronym="ROW80_6" />
      <field fid="321" acronym="ROW80_7" />
      <field fid="322" acronym="ROW80_8" />
      <field fid="323" acronym="ROW80_9" />
      <field fid="324" acronym="ROW80_10" />
      <field fid="325" acronym="ROW80_11" />
      <field fid="326" acronym="ROW80_12" />
      <field fid="327" acronym="ROW80_13" />
      <field fid="328" acronym="ROW80_14" />
      <field fid="329" acronym="ROW80_15" />
      <field fid="330" acronym="ROW80_16" />
      <field fid="331" acronym="ROW80_17" />
      <field fid="332" acronym="ROW80_18" />
      <field fid="333" acronym="ROW80_19" />
      <field fid="334" acronym="ROW80_20" />
      <field fid="335" acronym="ROW80_21" />
      <field fid="336" acronym="ROW80_22" />
      <field fid="337" acronym="ROW80_23" />
      <field fid="338" acronym="ROW80_24" />
      <field fid="339" acronym="ROW80_25" />
      <field fid="800" acronym="LONGLINK1" />
      <field fid="801" acronym="LONGLINK2" />
      <field fid="802" acronym="LONGLINK3" />
      <field fid="803" acronym="LONGLINK4" />
      <field fid="804" acronym="LONGLINK5" />
      <field fid="805" acronym="LONGLINK6" />
      <field fid="806" acronym="LONGLINK7" />
      <field fid="807" acronym="LONGLINK8" />
      <field fid="808" acronym="LONGLINK9" />
      <field fid="809" acronym="LONGLINK10" />
      <field fid="810" acronym="LONGLINK11" />
      <field fid="811" acronym="LONGLINK12" />
      <field fid="812" acronym="LONGLINK13" />
      <field fid="813" acronym="LONGLINK14" />
      <field fid="814" acronym="LONGPREVLR" />
      <field fid="815" acronym="LONGNEXTLR" />
      <field fid="1080" acronym="PREF_DISP" />
      <field fid="1081" acronym="PREF_LINK" />
      <field fid="1352" acronym="DSPLY_NMLL" />
      <field fid="1359" acronym="ROW99_1" />
      <field fid="1360" acronym="ROW99_2" />
      <field fid="1361" acronym="ROW99_3" />
      <field fid="1362" acronym="ROW99_4" />
      <field fid="1363" acronym="ROW99_5" />
      <field fid="1364" acronym="ROW99_6" />
      <field fid="1365" acronym="ROW99_7" />
      <field fid="1366" acronym="ROW99_8" />
      <field fid="1367" acronym="ROW99_9" />
      <field fid="1368" acronym="ROW99_10" />
      <field fid="1369" acronym="ROW99_11" />
      <field fid="1370" acronym="ROW99_12" />
      <field fid="1371" acronym="ROW99_13" />
      <field fid="1372" acronym="ROW99_14" />
      <field fid="1373" acronym="ROW99_15" />
      <field fid="1374" acronym="ROW99_16" />
      <field fid="1375" acronym="ROW99_17" />
      <field fid="1376" acronym="ROW99_18" />
      <field fid="1377" acronym="ROW99_19" />
      <field fid="1378" acronym="ROW99_20" />
      <field fid="1487" acronym="SEG_FORW17" />
      <field fid="1488" acronym="SEG_BACK17" />
      <field fid="1709" acronym="RDN_EXCHD2" />
      <field fid="4230" acronym="ANNDIVTYPE" />
      <field fid="6409" acronym="BR_LINK1" />
      <field fid="6410" acronym="BR_LINK2" />
      <field fid="6411" acronym="BR_LINK3" />
      <field fid="6412" acronym="BR_LINK4" />
      <field fid="6413" acronym="BR_LINK5" />
      <field fid="6414" acronym="BR_LINK6" />
      <field fid="6415" acronym="BR_LINK7" />
      <field fid="6416" acronym="BR_LINK8" />
      <field fid="6417" acronym="BR_LINK9" />
      <field fid="6418" acronym="BR_LINK10" />
      <field fid="6419" acronym="BR_LINK11" />
      <field fid="6420" acronym="BR_LINK12" />
      <field fid="6421" acronym="BR_LINK13" />
      <field fid="6422" acronym="BR_LINK14" />
      <field fid="6423" acronym="BR_PREVLR" />
      <field fid="6424" acronym="BR_NEXTLR" />

    </fieldlist>
  </schema>
  <schema id="2">
    <!--output/input logical record's storage/transmit schema-->
    <fieldlist>
      <field fid="1" acronym="PROD_PERM" />
      <field fid="3" acronym="DSPLY_NAME" />
      <field fid="22" acronym="BID" />
      <field fid="25" acronym="ASK" />
      <field fid="259" acronym="RECORDTYPE" />
      <field fid="1352" acronym="DSPLY_NMLL" />
      <field fid="3814" acronym="UNDERLYING" />
      <field fid="6544" acronym="NO_BIDORD1" />
      <field fid="6554" acronym="NO_ASKORD1" />
    </fieldlist>
  </schema>
  <schema id="3">
    <!--input link record's storage/transmit schema-->
    <fieldlist>
      <field fid="1" acronym="PROD_PERM" />
      <field fid="3" acronym="DSPLY_NAME" />
      <field fid="4" acronym="RDN_EXCHID" />
      <field fid="5" acronym="TIMACT" />
      <field fid="17" acronym="ACTIV_DATE" />
      <field fid="239" acronym="REF_COUNT" />
      <field fid="259" acronym="RECORDTYPE" />
      <field fid="800" acronym="LONGLINK1" />
      <field fid="801" acronym="LONGLINK2" />
      <field fid="802" acronym="LONGLINK3" />
      <field fid="803" acronym="LONGLINK4" />
      <field fid="804" acronym="LONGLINK5" />
      <field fid="805" acronym="LONGLINK6" />
      <field fid="806" acronym="LONGLINK7" />
      <field fid="807" acronym="LONGLINK8" />
      <field fid="808" acronym="LONGLINK9" />
      <field fid="809" acronym="LONGLINK10" />
      <field fid="810" acronym="LONGLINK11" />
      <field fid="811" acronym="LONGLINK12" />
      <field fid="812" acronym="LONGLINK13" />
      <field fid="813" acronym="LONGLINK14" />
      <field fid="814" acronym="LONGPREVLR" />
      <field fid="815" acronym="LONGNEXTLR" />
      <field fid="1080" acronym="PREF_DISP" />
      <field fid="1352" acronym="DSPLY_NMLL" /> 
    </fieldlist>
  </schema>
  <schema id="4">
    <!--BKInfoPageRecord 99X20-->
    <fieldlist>
      <field fid="1359" acronym="ROW99_1" />
      <field fid="1360" acronym="ROW99_2" />
      <field fid="1361" acronym="ROW99_3" />
      <field fid="1362" acronym="ROW99_4" />
      <field fid="1363" acronym="ROW99_5" />
      <field fid="1364" acronym="ROW99_6" />
      <field fid="1365" acronym="ROW99_7" />
      <field fid="1366" acronym="ROW99_8" />
      <field fid="1367" acronym="ROW99_9" />
      <field fid="1368" acronym="ROW99_10" />
      <field fid="1369" acronym="ROW99_11" />
      <field fid="1370" acronym="ROW99_12" />
      <field fid="1371" acronym="ROW99_13" />
      <field fid="1372" acronym="ROW99_14" />
      <field fid="1373" acronym="ROW99_15" />
      <field fid="1374" acronym="ROW99_16" />
      <field fid="1375" acronym="ROW99_17" />
      <field fid="1376" acronym="ROW99_18" />
      <field fid="1377" acronym="ROW99_19" />
      <field fid="1378" acronym="ROW99_20" />
    </fieldlist>
  </schema>
  <schema id="5">
    <!--OrderedPageRecord/SpreadPageRecord/SpreadRefPageRecord 80x25 -->
    <fieldlist>
      <field fid="315" acronym="ROW80_1" />
      <field fid="316" acronym="ROW80_2" />
      <field fid="317" acronym="ROW80_3" />
      <field fid="318" acronym="ROW80_4" />
      <field fid="319" acronym="ROW80_5" />
      <field fid="320" acronym="ROW80_6" />
      <field fid="321" acronym="ROW80_7" />
      <field fid="322" acronym="ROW80_8" />
      <field fid="323" acronym="ROW80_9" />
      <field fid="324" acronym="ROW80_10" />
      <field fid="325" acronym="ROW80_11" />
      <field fid="326" acronym="ROW80_12" />
      <field fid="327" acronym="ROW80_13" />
      <field fid="328" acronym="ROW80_14" />
      <field fid="329" acronym="ROW80_15" />
      <field fid="330" acronym="ROW80_16" />
      <field fid="331" acronym="ROW80_17" />
      <field fid="332" acronym="ROW80_18" />
      <field fid="333" acronym="ROW80_19" />
      <field fid="334" acronym="ROW80_20" />
      <field fid="335" acronym="ROW80_21" />
      <field fid="336" acronym="ROW80_22" />
      <field fid="337" acronym="ROW80_23" />
      <field fid="338" acronym="ROW80_24" />
      <field fid="339" acronym="ROW80_25" />
    </fieldlist>
  </schema>
  <schema id="6">
    <!--output link record's storage/transmit schema-->
    <fieldlist>
      <field fid="1" acronym="PROD_PERM" />
      <field fid="3" acronym="DSPLY_NAME" />
      <field fid="4" acronym="RDN_EXCHID" />
      <field fid="5" acronym="TIMACT" />
      <field fid="17" acronym="ACTIV_DATE" />
      <field fid="239" acronym="REF_COUNT" />
      <field fid="259" acronym="RECORDTYPE" />
      <field fid="800" acronym="LONGLINK1" />
      <field fid="801" acronym="LONGLINK2" />
      <field fid="802" acronym="LONGLINK3" />
      <field fid="803" acronym="LONGLINK4" />
      <field fid="804" acronym="LONGLINK5" />
      <field fid="805" acronym="LONGLINK6" />
      <field fid="806" acronym="LONGLINK7" />
      <field fid="807" acronym="LONGLINK8" />
      <field fid="808" acronym="LONGLINK9" />
      <field fid="809" acronym="LONGLINK10" />
      <field fid="810" acronym="LONGLINK11" />
      <field fid="811" acronym="LONGLINK12" />
      <field fid="812" acronym="LONGLINK13" />
      <field fid="813" acronym="LONGLINK14" />
      <field fid="814" acronym="LONGPREVLR" />
      <field fid="815" acronym="LONGNEXTLR" />
      <field fid="1080" acronym="PREF_DISP" />
      <field fid="1352" acronym="DSPLY_NMLL" />
      <field fid="1709" acronym="RDN_EXCHD2" />
      <field fid="2672" acronym="A_LEVEL_1" />
      <field fid="2697" acronym="B_LEVEL_1" />
      <field fid="3740" acronym="REL_SPEEDG" />
      <field fid="6268" acronym="CHAIN1" />
      <!--
      <field fid="6409" acronym="BR_LINK1" />
      <field fid="6410" acronym="BR_LINK2" />
      <field fid="6411" acronym="BR_LINK3" />
      <field fid="6412" acronym="BR_LINK4" />
      <field fid="6413" acronym="BR_LINK5" />
      <field fid="6414" acronym="BR_LINK6" />
      <field fid="6415" acronym="BR_LINK7" />
      <field fid="6416" acronym="BR_LINK8" />
      <field fid="6417" acronym="BR_LINK9" />
      <field fid="6418" acronym="BR_LINK10" />
      <field fid="6419" acronym="BR_LINK11" />
      <field fid="6420" acronym="BR_LINK12" />
      <field fid="6421" acronym="BR_LINK13" />
      <field fid="6422" acronym="BR_LINK14" />
      <field fid="6423" acronym="BR_PREVLR" />
      <field fid="6424" acronym="BR_NEXTLR" />
      -->
    </fieldlist>
  </schema>
</schemas>