<?xml version="1.0" encoding="utf-8"?>
<Sources>
	<Source id="stock">
    <chain id="0#MBD.HK" length= "100"/>
    <chain id="0#NDX.HK" length= "8"/>
    <chain id="0#RIGHTS.HK" length= "2"/>
    <chain id="0#DR.HK" length= "2"/>
    <chain id="0#GEM.HK" length= "15"/>
    <chain id="0#EFN.HK" length= "7"/>
    <chain id="0#FUND.HK" length= "2"/>
    <chain id="0#ETF.HK" length= "10"/>
    <chain id="0#ETS.HK" length= "2"/>
    <chain id="0#BONDA.HK" length= "7"/>
    <chain id="0#BONDH.HK" length= "7"/>
    <chain id="0#BONDP.HK" length= "7"/>
    <chain id="0#REIT.HK" length= "2"/>
	</Source>
	<Source id="warrant">
		<chain id="0#WARRANTS.HK" length="310"/>
	</Source>
	<Source id="cbbc">
		<chain id="0#CBBC.HK" length="80"/>
	</Source>
</Sources>