﻿<?xml version="1.0"?>
<Message>
  <MsgBase>
    <SetID value="30" />
    <StreamID value="12000" />
    <MsgClass value="Response" />
    <ContainerType value="Map" />
    <MsgKey>
      <Mask value="0" />
      <DomainType value="EvaiConfig" />
      <NameType value="1" />
      <NameEncodingType value="0" />
      <Name value="hkbrokerqueue::MASTERCONFIG" />
      <Qos value="10" />
      <ServiceID value="100" />
      <Opaque value="00" />
    </MsgKey>
    <Map>
      <Mask value="7" />
      <KeyPrimitiveType value="Buffer" />
      <KeyFieldID value="0" />
      <ContainerType value="ElementList" />
      <EncSummaryData>
        <ElementList>
          <Mask value="0" />
          <ElementEntry>
            <Name value="ConfigID" />
            <DataType value="Buffer" />
            <Data encode="UTF8" value="1" />
          </ElementEntry>
          <ElementEntry>
            <Name value="MainDLL" />
            <DataType value="Buffer" />
            <Data encode="UTF8" value="hkbrokerqueue" />
          </ElementEntry>
        </ElementList>
      </EncSummaryData>
      <TotalCountHint value="1" />
      <MapEntry>
        <Mask value="0" />
        <Action value="Add" />
        <PermissionData value="000000" />
        <EncKey value="65766169" />
        <EncData>
          <ElementList>
            <Mask value="0" />
            <ElementEntry>
              <Name value="configfile" />
              <DataType value="Buffer" />
              <Data encode="UTF8" value="vaa.evai.xml" />
            </ElementEntry>
          </ElementList>
        </EncData>
      </MapEntry>
    </Map>
  </MsgBase>
  <Mask value="17256" />
  <ResponseTypeNum value="1" />
  <ResponseAction value="0" />
  <ItemState>
    <Mask value="1" />
    <StreamState value="1" />
    <DataState value="1" />
    <StateCode value="0" />
    <StateText value="State_Normal_A" />
    <ItemGroupID value="8002005555" />
    <ItemGroupSeqNum value="0" />
  </ItemState>
  <PermissionInfo>
    <Mask value="0" />
    <PE value="333" />
    <Data value="temp" />
  </PermissionInfo>
  <ItemSeqNum value="0" />
  <ExchangeID value="010000" />
  <ProviderID value="95555" />
  <ContextID value="10001" />
  <PartNum value="0" />
  <ConstitNum value="2" />
  <ConstitFilter value="0" />
  <FieldListNum value="9" />
  <ExtendedHeader value="" />
</Message>